sep=,
DeviceTag:,Xsens DOT0
FirmwareVersion:,2.2.1
AppVersion:,2022.0.0
SyncStatus:,Un-synced
OutputRate:,60Hz
FilterProfile:,General
Measurement Mode:,Custom modes - custom mode5
StartTime: ,2023-03-18_10:21:11_815 CET
Â© Xsens Technologies B. V. 2005-2023

PacketCounter,SampleTimeFine,Acc_X,Acc_Y,Acc_Z,Gyr_X,Gyr_Y,Gyr_Z,Quat_W,Quat_X,Quat_Y,Quat_Z
1,483878110,0.071110,-0.359050,-0.282773,0.797587,-0.029238,1.438209,0.113058,0.193684,0.090891,-0.970280,
2,483894777,-4.715284,0.154035,11.508607,-88.486824,42.186886,67.472206,0.130428,0.187863,0.070293,-0.970956,
3,483911444,-7.125203,-1.312070,12.610093,-58.279957,27.557119,62.377625,0.144650,0.187448,0.056156,-0.969942,
4,483928111,-7.883058,-1.023037,12.456096,-15.776477,15.917778,54.533100,0.153892,0.196432,0.051840,-0.966977,
5,483944778,-8.438524,-2.163629,13.759619,22.002512,8.067367,46.600430,0.159907,0.209143,0.047576,-0.963548,
6,483961445,-8.398499,-2.589265,12.553774,41.713566,3.693144,38.305897,0.162972,0.220491,0.045371,-0.960607,
7,483978112,-7.651954,-1.415619,12.005159,42.443054,6.197981,30.356998,0.164107,0.230993,0.045894,-0.957917,
8,483994779,-7.182449,-0.699397,11.813663,32.085766,10.268132,21.559067,0.164427,0.239980,0.047214,-0.955586,
9,484011446,-6.363718,-0.682103,11.080104,18.179991,16.552223,13.506261,0.164380,0.247766,0.049257,-0.953501,
10,484028113,-5.893769,-0.930445,10.022093,10.593166,24.700357,7.567478,0.163943,0.254884,0.051652,-0.951572,
11,484044780,-5.515567,-1.170948,9.268764,10.392620,32.406189,3.697599,0.163015,0.261974,0.053846,-0.949682,
12,484061447,-4.960287,-1.030640,8.342190,12.216595,39.330837,2.458789,0.161819,0.269281,0.055714,-0.947733,
13,484078114,-4.891089,-1.352945,7.767800,11.892246,46.386036,4.339947,0.160876,0.276995,0.057396,-0.945568,
14,484094781,-4.998960,-1.521306,7.007195,9.502007,52.551586,8.700385,0.160557,0.285168,0.059256,-0.943075,
15,484111448,-4.592643,-1.545496,6.319121,17.026525,54.898037,14.850520,0.160705,0.293750,0.059844,-0.940374,
16,484128115,-5.523305,-1.773286,5.773443,40.120449,52.001751,21.181450,0.160716,0.302382,0.056874,-0.937817,
17,484144782,-6.295984,-2.184045,5.233854,67.746437,47.280621,24.720072,0.159953,0.311161,0.049909,-0.935470,
18,484161449,-6.166579,-1.217341,5.439443,81.530701,41.414577,27.870121,0.158904,0.319705,0.040938,-0.933200,
19,484178116,-6.855556,-0.439767,5.757559,72.735130,34.693584,30.930403,0.158673,0.327240,0.032746,-0.930949,
20,484194783,-6.670636,-0.192064,5.754713,53.117313,28.003279,34.245583,0.159860,0.333554,0.026675,-0.928695,
21,484211450,-6.729362,-0.611527,5.379410,51.763851,20.336885,36.642784,0.161482,0.338855,0.020278,-0.926655,
22,484228117,-7.155485,-1.584752,5.283226,60.092953,14.264687,37.822578,0.162846,0.343568,0.012466,-0.924818,
23,484244784,-7.252860,-1.585482,5.470156,66.214142,10.492999,36.259411,0.163609,0.347938,0.003899,-0.923123,
24,484261451,-7.432376,-1.475066,5.497664,60.729298,8.341088,32.151905,0.164018,0.351872,-0.003708,-0.921559,
25,484278118,-7.411493,-1.109114,5.260039,50.043602,7.151768,26.024481,0.164086,0.355381,-0.009550,-0.920157,
26,484294785,-7.236236,-0.648078,5.392134,33.413002,5.803900,18.444717,0.163962,0.358325,-0.012809,-0.918997,
27,484311452,-6.898218,-0.525904,5.424644,12.171290,4.698213,11.183818,0.163975,0.360610,-0.012930,-0.918099,
28,484328119,-6.660131,-0.667690,5.517432,-7.604400,4.282618,4.754391,0.164188,0.362334,-0.010149,-0.917417,
29,484344786,-6.425180,-1.041335,5.460853,-17.866211,3.600426,-0.986218,0.164200,0.363664,-0.005768,-0.916926,
30,484361453,-6.212366,-1.655838,5.231625,-10.337791,3.533460,-5.930739,0.163173,0.365089,-0.002159,-0.916559,
31,484378120,-6.153247,-2.084801,5.224453,5.259307,4.815849,-9.750440,0.160809,0.366975,-0.000386,-0.916226,
32,484394787,-6.205092,-1.780837,5.706395,2.357247,7.883294,-12.274306,0.158255,0.369116,0.002008,-0.915808,
33,484411454,-6.606804,-2.162162,6.251951,-23.431530,11.704700,-13.112487,0.156976,0.371078,0.007965,-0.915203,
34,484428121,-6.980784,-1.985874,6.348112,-49.635967,14.637666,-11.409070,0.157331,0.372734,0.017395,-0.914338,
35,484444788,-7.116775,-1.182025,5.902683,-66.387772,12.852874,-9.848987,0.158807,0.373686,0.028913,-0.913402,
36,484461455,-7.282413,-0.310976,5.941479,-67.591309,8.181211,-10.334949,0.160324,0.373927,0.040441,-0.912600,
37,484478122,-7.530261,0.495940,6.753473,-55.835445,2.956899,-14.870564,0.160670,0.373676,0.050418,-0.912145,
38,484494789,-7.322653,0.137736,7.073360,-45.123375,-0.216583,-21.473337,0.159643,0.373152,0.059109,-0.912019,
39,484511456,-6.743539,-0.244303,6.820460,-48.510231,-0.741534,-25.835588,0.158276,0.372370,0.068350,-0.911931,
40,484528123,-5.991094,0.039930,6.952003,-57.774345,1.022928,-28.268778,0.157113,0.371499,0.078886,-0.911636,
41,484544790,-5.852847,-0.168185,8.469469,-62.658607,6.221859,-29.330486,0.156054,0.371084,0.090123,-0.910945,
42,484561457,-5.916525,-0.966826,8.577082,-62.475353,15.894489,-26.577923,0.155257,0.371841,0.101283,-0.909600,
43,484578124,-6.418480,-1.154957,7.544761,-67.450974,22.337040,-23.677780,0.155031,0.373234,0.112998,-0.907686,
44,484594791,-7.104364,-0.733136,8.009419,-53.547379,21.496122,-24.767950,0.153928,0.374716,0.122838,-0.905983,
45,484611458,-7.269620,-0.884741,8.725933,-35.159714,15.975684,-19.461769,0.152643,0.375908,0.129752,-0.904742,
46,484628125,-7.179558,-1.263526,9.196244,-27.181570,10.823555,-25.300652,0.150274,0.376419,0.135737,-0.904047,
47,484644792,-6.762925,-1.374789,9.538566,-36.174328,6.937752,-24.223618,0.148634,0.376165,0.142686,-0.903354,
48,484661459,-6.122715,-1.896938,9.757558,-39.702686,4.936493,-21.895573,0.147551,0.375529,0.149856,-0.902635,
49,484678126,-5.266768,-2.018960,10.034882,-26.487885,4.468670,-15.348333,0.146625,0.375159,0.154864,-0.902094,
50,484694793,-4.767272,-1.661830,10.490022,-4.804778,5.875857,-7.852550,0.145477,0.375500,0.156595,-0.901839,
51,484711460,-4.385181,-1.610630,10.491080,13.285607,8.342250,1.100150,0.144476,0.376644,0.155452,-0.901721,
52,484728127,-4.241744,-1.191215,10.607699,22.943747,11.125271,8.764606,0.143903,0.378422,0.152620,-0.901552,
53,484744794,-4.222026,-0.590506,10.557899,13.909947,14.153001,15.170352,0.144619,0.380449,0.150618,-0.900921,
54,484761461,-4.294603,-0.537257,10.174055,-2.979622,15.864037,19.832850,0.146865,0.382360,0.150538,-0.899761,
55,484778128,-4.193802,-0.639142,9.823764,-13.130484,15.667115,22.856712,0.150094,0.384020,0.151552,-0.898350,
56,484794795,-4.078102,-0.987592,9.532656,-7.969199,14.146162,24.519030,0.153300,0.385563,0.151716,-0.897119,
57,484811462,-3.959205,-1.377435,9.285880,6.623150,12.924164,25.887648,0.155906,0.387240,0.149834,-0.896264,
58,484828129,-3.852120,-1.082615,9.245025,15.808282,12.685006,27.711475,0.158247,0.389073,0.146621,-0.895590,
59,484844796,-3.770876,-0.833975,8.924387,17.824673,12.749569,29.693834,0.160744,0.390945,0.143007,-0.894915,
60,484861463,-3.938351,-0.817201,8.758840,15.527344,12.431381,30.901669,0.163548,0.392695,0.139588,-0.894180,
61,484878130,-4.135429,-0.781644,8.659925,10.607691,11.515702,31.065166,0.166685,0.394167,0.136756,-0.893391,
62,484894797,-4.177965,-0.728631,8.520273,4.089301,9.723090,30.670732,0.170190,0.395202,0.134733,-0.892580,
63,484911464,-4.249156,-0.802482,8.249024,2.074053,7.712373,29.826859,0.173749,0.395876,0.132955,-0.891861,
64,484928131,-4.436139,-0.912765,7.895419,4.778300,5.123817,28.658934,0.177059,0.396232,0.130819,-0.891368,
65,484944798,-4.629914,-0.965996,7.600356,6.328845,2.213257,27.771193,0.180226,0.396213,0.128453,-0.891086,
66,484961465,-4.970248,-1.028674,7.426630,5.107307,-0.454102,27.343822,0.183462,0.395794,0.126199,-0.890934,
67,484978132,-5.293484,-1.190483,7.418415,4.029893,-3.907906,26.474884,0.186714,0.394873,0.124045,-0.890969,
68,484994799,-5.417081,-1.236368,7.300601,5.959854,-8.178848,25.426121,0.189798,0.393426,0.121591,-0.891296,
69,485011466,-5.443794,-1.233511,7.254166,9.894812,-12.087630,24.520643,0.192608,0.391560,0.118578,-0.891921,
70,485028133,-5.355591,-1.143061,7.203671,11.907301,-15.378404,23.923939,0.195283,0.389308,0.115253,-0.892760,
71,485044800,-5.341898,-0.968538,7.108147,11.949147,-18.150785,22.853140,0.197863,0.386673,0.111911,-0.893762,
72,485061467,-5.364628,-0.821424,6.910722,10.851708,-20.563978,20.996778,0.200304,0.383657,0.108751,-0.894907,
73,485078134,-5.521234,-0.775143,6.737906,12.702428,-22.870481,17.928246,0.202278,0.380345,0.105457,-0.896270,
74,485094801,-5.428069,-0.667660,6.529610,15.659411,-24.567369,13.933916,0.203594,0.376838,0.101951,-0.897858,
75,485111468,-5.330221,-0.499496,6.377548,17.050247,-25.082333,9.828184,0.204304,0.373246,0.098474,-0.899583,
76,485128135,-5.227770,-0.270132,6.299710,18.626455,-24.143827,5.616224,0.204365,0.369769,0.095046,-0.901373,
77,485144802,-5.379699,0.195228,6.312236,20.498182,-21.826696,0.924244,0.203679,0.366591,0.091689,-0.903172,
78,485161469,-5.753676,0.725043,6.584245,16.573778,-19.227459,-4.842669,0.202413,0.363570,0.089221,-0.904923,
79,485178136,-6.568762,1.098476,6.942505,4.145096,-17.346998,-12.636712,0.200757,0.360345,0.088840,-0.906618,
80,485194803,-7.445972,1.010571,7.203289,-9.481979,-16.731588,-22.577383,0.198498,0.356693,0.090772,-0.908367,
81,485211470,-8.304306,0.633113,7.339500,-19.142040,-17.424339,-33.812420,0.195257,0.352541,0.094523,-0.910305,
82,485228137,-8.946675,0.009131,7.290596,-23.153786,-19.048630,-44.638363,0.190796,0.347929,0.099294,-0.912515,
83,485244804,-9.113635,-0.773123,7.160049,-21.700455,-19.822645,-53.730663,0.185044,0.343138,0.104297,-0.914952,
84,485261471,-9.033758,-1.052595,7.171678,-17.486637,-19.120625,-59.651997,0.178256,0.338476,0.109045,-0.917479,
85,485278138,-8.884086,-0.922826,7.317693,-14.606610,-16.299931,-62.811268,0.170834,0.334222,0.113627,-0.919892,
86,485294805,-8.652339,-0.823881,7.286962,-16.202391,-11.239274,-64.207664,0.163195,0.330587,0.118602,-0.921962,
87,485311472,-8.526874,-0.919167,6.862497,-20.479357,-5.728743,-63.659351,0.155719,0.327603,0.124238,-0.923576,
88,485328139,-8.528362,-1.135922,6.502084,-23.957668,-1.353281,-61.770004,0.148563,0.325168,0.130334,-0.924775,
89,485344806,-8.393386,-1.552798,6.008430,-23.160828,1.299050,-58.857269,0.141694,0.323172,0.136228,-0.925702,
90,485361473,-8.861604,-1.647607,5.710387,-15.669501,2.246919,-54.260796,0.135058,0.321564,0.140909,-0.926553,
91,485378140,-9.015841,-1.639585,5.826806,-5.003830,2.693257,-49.823723,0.128501,0.320342,0.143950,-0.927441,
92,485394807,-8.967220,-1.397387,5.970434,3.537095,3.642236,-45.443821,0.122111,0.319529,0.145647,-0.928320,
93,485411474,-8.766284,-1.275212,5.909142,8.036130,4.966583,-40.941887,0.116090,0.319098,0.146544,-0.929099,
94,485428141,-8.323882,-1.245975,5.643179,9.538072,6.367857,-36.572128,0.110561,0.319005,0.147051,-0.929725,
95,485444808,-7.985671,-1.405910,5.297605,10.049205,7.788631,-31.880623,0.105613,0.319241,0.147288,-0.930181,
96,485461475,-7.897624,-1.474138,4.942389,11.212604,8.920644,-26.796734,0.101276,0.319785,0.147146,-0.930499,
97,485478142,-7.225500,-1.493192,5.088801,11.619212,9.042708,-22.129915,0.097551,0.320482,0.146733,-0.930723,
98,485494809,-6.733229,-1.367031,5.450186,8.748741,8.139734,-17.558800,0.094599,0.321137,0.146483,-0.930841,
99,485511476,-6.370809,-1.322214,5.828582,3.358090,6.072398,-13.767286,0.092459,0.321537,0.146756,-0.930875,
100,485528143,-6.778658,-1.364159,6.081832,-3.600097,3.220459,-10.649318,0.091129,0.321538,0.147783,-0.930843,
101,485544810,-7.351366,-1.691735,6.334250,-8.882438,-0.317982,-8.916323,0.090360,0.321041,0.149393,-0.930833,
102,485561477,-7.108425,-2.149705,6.645432,-12.011212,-3.900893,-7.534301,0.090003,0.320064,0.151315,-0.930893,
103,485578144,-6.651652,-2.140529,6.744009,-15.738534,-7.169425,-6.061328,0.090092,0.318640,0.153631,-0.930994,
104,485594811,-6.711211,-2.321450,6.849832,-22.149948,-9.849013,-3.657335,0.090863,0.316827,0.156670,-0.931032,
105,485611478,-6.231571,-2.203863,7.354650,-28.386671,-12.123273,-1.179878,0.092306,0.314682,0.160408,-0.930980,
106,485628145,-5.994195,-1.956998,7.805063,-31.424761,-12.895649,2.170883,0.094359,0.312464,0.164391,-0.930827,
107,485644812,-5.171335,-2.700432,7.746531,-21.578815,-13.736868,6.223933,0.096533,0.310355,0.166835,-0.930874,
108,485661479,-5.124386,-3.083012,7.615421,-8.681566,-15.024931,11.888467,0.098919,0.308376,0.167260,-0.931205,
109,485678146,-4.602515,-3.745574,8.149676,3.605846,-15.178061,17.765341,0.101549,0.306683,0.165759,-0.931750,
110,485694813,-4.262013,-3.558370,8.765142,12.883671,-13.643634,23.366199,0.104479,0.305447,0.162782,-0.932356,
111,485711480,-4.824381,-2.585464,8.887486,11.741119,-8.788752,30.185629,0.108262,0.304984,0.159735,-0.932604,
112,485728147,-4.614964,-2.755616,9.278918,3.972350,-3.110728,36.876495,0.113160,0.305298,0.157529,-0.932294,
113,485744814,-4.401679,-3.638609,9.045773,-3.934878,1.210368,41.459141,0.118927,0.306142,0.156258,-0.931513,
114,485761481,-4.446497,-4.466640,9.153975,-4.391645,4.211517,42.431660,0.124766,0.307372,0.155063,-0.930543,
115,485778148,-4.460266,-3.974189,8.896234,4.337641,7.848738,37.078571,0.129396,0.309097,0.153005,-0.929680,
116,485794815,-4.500355,-3.234403,8.704629,11.173370,14.037251,27.145100,0.132227,0.311536,0.150596,-0.928861,
117,485811482,-4.647693,-1.685950,8.981721,9.230209,18.107208,19.913347,0.134073,0.314304,0.148862,-0.927943,
118,485828149,-4.823014,-2.007691,8.648755,3.143524,18.654430,17.479534,0.135856,0.316953,0.148063,-0.926910,
119,485844816,-4.509795,-2.947367,8.793850,0.084183,16.750547,15.593698,0.137566,0.319225,0.147721,-0.925932,
120,485861483,-5.011818,-2.416552,9.412939,-0.028097,13.947575,12.935833,0.138977,0.321038,0.147467,-0.925134,
121,485878150,-5.491950,-1.905717,9.883352,0.609115,10.335352,8.334001,0.139815,0.322258,0.147269,-0.924615,
122,485894817,-5.390431,-1.662384,10.004499,-3.839716,7.474358,3.613895,0.140288,0.322884,0.147826,-0.924237,
123,485911484,-4.971756,-1.864859,9.726416,-18.025871,5.983898,0.031920,0.140978,0.322923,0.150418,-0.923699,
124,485928151,-4.741271,-1.750881,9.426658,-33.470863,6.278934,-3.060436,0.141968,0.322592,0.155229,-0.922867,
125,485944818,-4.639218,-1.621992,9.177979,-48.616055,7.448027,-6.981417,0.143107,0.321985,0.162268,-0.921692,
126,485961485,-4.594689,-1.847918,8.860178,-65.583679,9.035900,-11.537896,0.144377,0.321088,0.171808,-0.920076,
127,485978152,-4.420896,-2.645201,8.575381,-79.133469,10.187119,-15.534208,0.145694,0.319907,0.183346,-0.918051,
128,485994819,-3.983414,-3.666156,8.132901,-80.625221,10.014060,-18.040949,0.146719,0.318541,0.195168,-0.915923,
129,486011486,-4.098725,-3.927155,8.176970,-69.285408,9.336099,-19.258188,0.147044,0.317232,0.205504,-0.914062,
130,486028153,-4.456177,-3.940016,8.355374,-55.397236,8.740909,-19.326508,0.146709,0.316089,0.213972,-0.912568,
131,486044820,-4.655460,-3.813341,8.310871,-44.571098,8.151560,-18.762230,0.145950,0.315080,0.220954,-0.911374,
132,486061487,-4.564470,-4.011953,8.230092,-29.292879,6.957417,-18.048000,0.144611,0.314232,0.225846,-0.910681,
133,486078154,-4.624616,-4.022818,8.233858,-7.528811,5.550196,-16.591337,0.142506,0.313681,0.227755,-0.910727,
134,486094821,-4.796356,-3.802042,8.291803,9.293814,4.720687,-14.189334,0.139976,0.313431,0.227308,-0.911317,
135,486111488,-5.035222,-3.677442,8.360908,13.081604,5.170640,-10.397499,0.137759,0.313427,0.226191,-0.911934,
136,486128155,-5.222577,-3.704939,8.247422,6.626591,6.719168,-6.125715,0.136351,0.313625,0.225761,-0.912184,
137,486144822,-5.385483,-3.688928,8.059582,-0.413018,8.397965,-2.010777,0.135754,0.314031,0.226110,-0.912047,
138,486161489,-5.393764,-3.677709,7.726674,-2.111063,10.029136,2.375560,0.135762,0.314756,0.226514,-0.911696,
139,486178156,-5.499653,-3.566149,7.455025,0.508880,11.453742,6.838856,0.136194,0.315862,0.226395,-0.911278,
140,486194823,-5.700228,-3.572222,7.200747,3.948196,12.535233,11.079740,0.136994,0.317314,0.225648,-0.910839,
141,486211490,-5.875031,-3.388447,7.122405,5.186304,13.089307,15.122907,0.138255,0.318993,0.224562,-0.910330,
142,486228157,-5.978116,-3.029738,7.075537,4.654060,13.273518,17.913151,0.139904,0.320774,0.223421,-0.909733,
143,486244824,-6.019087,-2.847702,6.988381,0.843229,13.436325,19.745989,0.141970,0.322557,0.222700,-0.908959,
144,486261491,-6.329772,-2.604250,6.910408,-7.037836,13.151774,20.832041,0.144559,0.324174,0.222962,-0.907911,
145,486278158,-6.592739,-2.780612,6.857901,-13.373960,11.853093,20.310261,0.147421,0.325471,0.224053,-0.906717,
146,486294825,-6.807878,-2.983267,6.647407,-16.879860,9.866119,18.607281,0.150289,0.326376,0.225641,-0.905526,
147,486311492,-7.005352,-3.050213,6.408317,-16.102444,7.120608,16.523485,0.152934,0.326872,0.227166,-0.904523,
148,486328159,-6.652546,-3.052770,6.196985,-10.775198,4.472360,14.157557,0.155101,0.327066,0.228044,-0.903863,
149,486344826,-6.228986,-2.814539,5.950675,-8.104006,3.011627,12.898021,0.157024,0.327093,0.228600,-0.903380,
150,486361493,-5.830958,-2.550839,5.879342,-8.696224,3.000908,12.895794,0.158975,0.327110,0.229236,-0.902872,
151,486378160,-5.600294,-2.345701,5.817876,-11.354365,4.044192,13.406796,0.161085,0.327223,0.230219,-0.902206,
152,486394827,-5.622828,-2.278013,5.672809,-13.020926,5.201735,14.703905,0.163406,0.327494,0.231384,-0.901392,
153,486411494,-5.789303,-2.170781,5.581170,-11.096052,5.365644,15.681173,0.165759,0.327868,0.232251,-0.900603,
154,486428161,-6.048362,-2.205991,5.645038,-6.234817,4.494803,16.091799,0.167964,0.328264,0.232438,-0.900002,
155,486444828,-6.412189,-2.413795,5.607989,-0.451117,3.329801,16.088573,0.169934,0.328654,0.231838,-0.899644,
156,486461495,-6.689239,-2.596406,5.578874,6.192279,2.361794,16.311930,0.171651,0.329097,0.230332,-0.899544,
157,486478162,-7.020725,-2.799640,5.707042,11.074465,1.594284,16.839571,0.173231,0.329586,0.228143,-0.899619,
158,486494829,-7.433617,-2.917783,5.653512,12.741899,1.527486,17.946447,0.174880,0.330153,0.225683,-0.899713,
159,486511496,-7.912009,-3.067989,5.597423,13.353303,2.363974,19.664721,0.176697,0.330912,0.223084,-0.899728,
160,486528163,-8.378960,-3.355235,5.598680,15.119092,3.406978,21.539778,0.178641,0.331924,0.220194,-0.899683,
161,486544830,-8.824357,-3.423860,5.454593,20.751312,3.846087,23.806303,0.180594,0.333224,0.216475,-0.899715,
162,486561497,-9.242694,-3.263278,5.364437,29.521402,3.308724,26.047226,0.182428,0.334766,0.211491,-0.899957,
163,486578164,-9.653432,-3.034296,5.312325,39.907585,1.689536,28.290838,0.184096,0.336450,0.204997,-0.900492,
164,486594831,-9.949561,-2.715976,5.060131,50.989780,-0.441632,29.474173,0.185432,0.338191,0.196935,-0.901365,
165,486611498,-10.264359,-2.278956,4.957760,61.274845,-2.978511,29.956930,0.186385,0.339891,0.187425,-0.902556,
166,486628165,-10.578394,-1.743207,4.959024,68.011948,-5.254216,29.708363,0.187020,0.341463,0.176970,-0.903940,
167,486644832,-10.543438,-1.052403,4.928606,69.803932,-6.817700,28.269247,0.187399,0.342835,0.166292,-0.905369,
168,486661499,-10.193480,-0.358544,5.079960,64.337395,-7.331262,25.966894,0.187745,0.343931,0.156419,-0.906640,
169,486678166,-9.779651,-0.017536,5.119950,52.667908,-6.848009,24.096264,0.188405,0.344733,0.148175,-0.907583,
170,486694833,-9.328475,-0.018061,4.989081,42.705502,-5.437428,22.441679,0.189311,0.345423,0.141355,-0.908220,
171,486711500,-9.103418,0.106946,4.931058,39.490685,-3.536703,21.088768,0.190156,0.346261,0.135070,-0.908681,
172,486728167,-8.854189,0.045093,4.965380,42.056442,-1.190744,19.737202,0.190642,0.347465,0.128570,-0.909062,
173,486744834,-8.457222,0.298639,5.219212,45.782894,1.270971,18.117575,0.190672,0.349077,0.121719,-0.909381,
174,486761501,-8.053448,0.481018,5.451408,45.575092,4.353062,16.498613,0.190437,0.351066,0.115053,-0.909532,
175,486778168,-7.462302,0.802030,5.940241,42.741909,6.964983,14.785495,0.190070,0.353295,0.108911,-0.909502,
176,486794835,-7.571213,1.176588,5.808241,34.991718,10.038918,12.299044,0.189720,0.355676,0.103994,-0.909223,
177,486811502,-7.606448,1.605288,5.673605,22.747503,14.334130,10.603784,0.189714,0.358267,0.100890,-0.908556,
178,486828169,-7.641932,1.235084,6.197663,14.424673,16.870691,10.027975,0.190031,0.360964,0.098972,-0.907633,
179,486844836,-7.563162,0.863883,6.442050,9.364265,16.348412,9.331495,0.190532,0.363450,0.097733,-0.906670,
180,486861503,-7.221250,1.252664,6.164997,3.955303,15.251314,10.478033,0.191488,0.365661,0.097108,-0.905646,
181,486878170,-6.974574,0.627002,6.023226,-2.044363,14.796090,11.586137,0.192920,0.367666,0.097190,-0.904521,
182,486894837,-7.038298,0.302157,6.423746,-9.255428,13.471174,7.208068,0.194182,0.369235,0.098411,-0.903479,
183,486911504,-6.741425,0.805218,6.334044,-13.452928,8.816981,2.165639,0.195075,0.370002,0.100319,-0.902763,
184,486928171,-6.983543,1.265181,5.798467,-16.527317,3.602053,-0.038163,0.195923,0.369964,0.102594,-0.902339,
185,486944838,-6.576091,1.190350,5.639407,-17.911263,-1.705193,0.244377,0.196967,0.369199,0.104872,-0.902163,
186,486961505,-6.329629,0.993561,5.651273,-17.826576,-6.943202,1.375244,0.198239,0.367769,0.106918,-0.902228,
187,486978172,-6.127250,0.713993,5.597713,-17.122459,-11.568466,2.482713,0.199693,0.365769,0.108669,-0.902511,
188,486994839,-6.032657,0.666685,5.586735,-12.736586,-15.158693,3.373050,0.201090,0.363439,0.109685,-0.903020,
189,487011506,-5.928198,0.654382,5.634771,-7.486845,-17.713163,4.026277,0.202337,0.360936,0.109894,-0.903719,
190,487028173,-5.948933,0.627388,5.891768,-1.112835,-19.375816,4.095470,0.203286,0.358402,0.109204,-0.904598,
191,487044840,-6.098618,0.580811,6.472182,2.903107,-20.091206,3.468688,0.203955,0.355881,0.107990,-0.905588,
192,487061507,-6.458790,0.291618,7.125677,-0.527161,-19.958263,2.255771,0.204639,0.353252,0.107287,-0.906546,
193,487078174,-7.021007,-0.171671,7.408569,-6.765490,-19.576967,1.187477,0.205497,0.350465,0.107466,-0.907412,
194,487094841,-7.646218,-0.512506,7.664840,-9.593559,-19.983316,0.806398,0.206453,0.347530,0.108023,-0.908257,
195,487111508,-8.126846,-0.819312,7.928028,-6.387499,-22.592916,0.694035,0.207270,0.344341,0.108083,-0.909278,
196,487128175,-8.050877,-0.857607,8.394546,6.107959,-26.440313,0.550245,0.207498,0.341015,0.106385,-0.910679,
197,487144842,-7.528711,-0.625088,8.106243,21.706539,-29.629459,1.056330,0.207061,0.337738,0.102499,-0.912443,
198,487161509,-7.223091,-0.066090,8.129905,27.600855,-31.279648,1.124052,0.206357,0.334409,0.097778,-0.914345,
199,487178176,-6.858894,0.440039,8.385695,30.136629,-32.261673,-2.115688,0.205105,0.330966,0.092842,-0.916392,
200,487194843,-6.703955,0.526345,8.727150,24.123255,-32.820393,-6.950791,0.203495,0.327190,0.088915,-0.918494,
201,487211510,-6.582590,0.292203,8.824492,11.565402,-33.751999,-12.576232,0.201737,0.322831,0.086897,-0.920615,
202,487228177,-6.406000,0.046350,8.788189,-0.559244,-34.708004,-17.405512,0.199908,0.317913,0.086695,-0.922742,
203,487244844,-5.864429,-0.002356,8.710229,-7.380599,-34.250957,-21.550652,0.197825,0.312790,0.087608,-0.924853,
204,487261511,-5.116837,0.214991,8.694775,-7.990338,-31.861938,-24.592461,0.195323,0.307914,0.088805,-0.926904,
205,487278178,-4.340382,0.470714,8.707829,-4.104521,-28.209093,-26.521233,0.192334,0.303597,0.089660,-0.928869,
206,487294845,-3.836581,0.342605,8.837309,-1.995200,-23.883738,-28.062355,0.188982,0.299881,0.090408,-0.930690,
207,487311512,-3.745409,-0.114392,8.926940,-1.841549,-19.822659,-31.032108,0.185163,0.296657,0.091367,-0.932396,
208,487328179,-3.685369,-0.054293,8.743178,-0.405887,-14.527611,-35.018631,0.180665,0.294112,0.092438,-0.933977,
209,487344846,-3.292163,0.365757,8.903461,-1.106897,-9.193238,-36.699242,0.175892,0.292228,0.093808,-0.935342,
210,487361513,-3.257716,0.310790,8.970715,-3.161108,-5.851401,-35.805782,0.171278,0.290734,0.095493,-0.936493,
211,487378180,-3.569944,-0.130840,8.996913,-2.927825,-3.868673,-33.678902,0.166913,0.289521,0.097095,-0.937491,
212,487394847,-3.751110,-0.286111,8.967539,-0.245550,-3.159440,-31.453497,0.162725,0.288481,0.098246,-0.938428,
213,487411514,-3.733128,-0.362191,8.922228,2.018292,-3.198600,-28.096941,0.158897,0.287519,0.098939,-0.939306,
214,487428181,-3.611905,0.028913,8.639216,3.692469,-3.884610,-24.479225,0.155500,0.286536,0.099230,-0.940144,
215,487444848,-3.420570,0.492877,8.353439,3.006007,-4.424805,-20.034693,0.152746,0.285513,0.099409,-0.940887,
216,487461515,-3.523949,0.792814,8.220558,-1.313241,-5.199907,-15.191890,0.150846,0.284346,0.099949,-0.941490,
217,487478182,-3.769725,0.621979,8.014915,-6.968158,-7.076717,-11.149498,0.149761,0.282845,0.101043,-0.941998,
218,487494849,-4.202317,0.038476,7.773640,-13.099054,-8.438627,-8.505412,0.149312,0.281054,0.102827,-0.942413,
219,487511516,-4.217002,-0.176114,7.782720,-14.707610,-8.503335,-7.093151,0.149123,0.279233,0.104766,-0.942770,
220,487528183,-4.304414,-0.204605,7.774737,-16.124022,-7.831975,-6.504468,0.149060,0.277475,0.106885,-0.943061,
221,487544850,-4.457109,-0.711598,7.706800,-20.077124,-7.629485,-6.578044,0.149142,0.275652,0.109548,-0.943277,
222,487561517,-4.776877,0.254288,8.125090,-29.850550,-5.655764,-7.865584,0.149405,0.273860,0.113644,-0.943273,
223,487578184,-4.580394,0.325106,8.486469,-40.478767,-7.948052,-1.932900,0.150940,0.271610,0.118901,-0.943031,
224,487594851,-5.515212,-0.991715,8.583128,-43.746273,-14.518643,5.372643,0.153714,0.268497,0.124159,-0.942797,
225,487611518,-5.455451,-1.426944,7.898817,-38.251328,-17.803110,12.024916,0.157238,0.265164,0.128324,-0.942601,
226,487628185,-5.111720,-1.627261,7.705218,-26.565001,-18.114445,19.694326,0.161361,0.262189,0.130582,-0.942427,
227,487644852,-4.542862,-1.602762,7.857093,-16.797400,-16.883484,27.241415,0.166115,0.259747,0.131242,-0.942185,
228,487661519,-4.261061,-1.601085,8.003479,-9.504738,-13.501349,32.905872,0.171299,0.258039,0.130770,-0.941792,
229,487678186,-3.999827,-1.871560,8.246775,-0.425070,-8.588720,35.372715,0.176380,0.257264,0.129082,-0.941299,
230,487694853,-4.036098,-1.938720,8.733229,9.342855,-1.644419,33.695320,0.180729,0.257643,0.126299,-0.940748,
231,487711520,-4.234042,-2.237167,10.114870,21.082134,4.125104,28.398512,0.183800,0.259006,0.122261,-0.940312,
232,487728187,-4.365537,-0.780818,11.927384,6.786028,8.564448,20.301336,0.186218,0.260432,0.120603,-0.939656,
233,487744854,-5.267080,-2.002095,13.912857,-16.487099,9.248588,10.108689,0.188111,0.261124,0.122522,-0.938838,
234,487761521,-8.212663,-2.928154,13.997992,-27.542166,4.855432,-3.669810,0.188616,0.260647,0.126350,-0.938362,
235,487778188,-9.159328,-3.404751,13.527330,-24.622015,-1.262941,-16.875992,0.187314,0.259163,0.130117,-0.938519,
236,487794855,-9.054608,-2.436251,12.042112,-23.024307,-5.965663,-28.921131,0.184388,0.256849,0.133997,-0.939188,
237,487811522,-8.989542,-1.546878,10.707931,-30.223932,-8.977323,-40.752155,0.180164,0.253699,0.139220,-0.940104,
238,487828189,-9.147414,-1.129668,9.502714,-39.761391,-12.955750,-52.484314,0.174754,0.249513,0.146064,-0.941207,
239,487844856,-9.237089,-1.362029,8.368311,-47.142727,-18.696020,-61.277412,0.168511,0.244159,0.154075,-0.942471,
240,487861523,-8.911213,-1.423684,6.869155,-39.366608,-25.442596,-66.419960,0.161416,0.237947,0.161016,-0.944140,
241,487878190,-8.335176,-0.961957,5.253621,-16.720913,-32.997742,-68.031570,0.153474,0.231189,0.164707,-0.946504,
242,487894857,-7.409276,-0.082072,4.181255,5.294741,-40.309879,-67.710815,0.144993,0.223924,0.165173,-0.949501,
243,487911524,-6.231678,0.304736,3.249696,13.451320,-46.564293,-68.093307,0.136328,0.215957,0.164370,-0.952764,
244,487928191,-4.837118,0.907731,2.375163,1.902171,-50.940826,-70.029083,0.127845,0.207104,0.165113,-0.955773,
245,487944858,-3.031150,0.887659,1.561063,-27.330593,-52.168388,-70.864372,0.120137,0.197505,0.169888,-0.957965,
246,487961525,-1.259228,0.118584,0.718951,-61.790993,-50.853161,-71.054848,0.113337,0.187454,0.179454,-0.959068,
247,487978192,0.219464,0.506046,0.290840,-89.953835,-46.848980,-72.638176,0.106947,0.177410,0.193007,-0.959081,
248,487994859,1.801560,0.950458,-0.590156,-103.458214,-39.095135,-73.715149,0.100500,0.168142,0.208524,-0.958199,
249,488011526,2.532778,0.835718,-2.096142,-95.451515,-27.886938,-72.082489,0.093709,0.160536,0.222975,-0.956937,
250,488028193,2.582094,0.637284,-2.436398,-66.861221,-16.316589,-68.773041,0.086308,0.154987,0.233475,-0.956044,
251,488044860,2.292140,0.050762,-2.192463,-38.544815,-5.703170,-66.416573,0.078219,0.151315,0.240085,-0.955691,
252,488061527,2.069747,-0.829748,-1.769846,-14.059500,4.380964,-66.252869,0.069248,0.149304,0.243385,-0.955864,
253,488078194,3.436955,-1.313862,-0.828074,17.039940,16.424927,-66.843445,0.059082,0.149238,0.242484,-0.956786,
254,488094861,4.182761,-1.727226,-0.174950,67.131424,30.968023,-68.537674,0.047062,0.151526,0.234747,-0.959020,
255,488111528,5.502597,-2.530752,1.958956,130.228867,46.398689,-76.910240,0.031930,0.156034,0.218425,-0.962769,
256,488128195,3.845794,-4.129717,6.812067,163.147736,56.952320,-96.349365,0.012963,0.161419,0.197847,-0.966764,
257,488144862,-1.208223,-9.664359,16.167694,94.610619,62.371765,-125.792213,-0.008711,0.166442,0.187471,-0.968027,
258,488161529,-6.395318,-17.238129,24.061699,13.767869,59.796257,-167.009598,-0.034163,0.169954,0.189373,-0.966482,
259,488178196,-12.089728,-17.889492,26.941113,64.850098,41.807201,-211.959976,-0.066678,0.169287,0.185166,-0.965717,
260,488194863,-11.873501,-15.598270,31.478441,170.153244,21.981697,-254.821960,-0.107161,0.163416,0.167164,-0.966368,
261,488211530,-7.875144,-10.377587,33.955593,191.169510,21.523537,-277.983154,-0.151146,0.156241,0.146406,-0.965043,
262,488228197,-6.302083,-7.769901,35.236160,141.772537,51.743908,-277.859833,-0.194293,0.154028,0.131564,-0.959801,
263,488244864,-7.487581,-7.597684,35.718300,134.323792,98.476730,-265.865051,-0.236086,0.158436,0.115868,-0.951702,
264,488261531,-9.011172,-7.244817,36.100739,165.522308,143.086761,-247.080704,-0.276230,0.167906,0.093612,-0.941669,
265,488278198,-9.620899,-5.557011,35.122330,203.612061,172.836044,-222.291107,-0.313637,0.179848,0.064091,-0.930150,
266,488294865,-9.118546,-3.052588,34.951908,222.947937,185.168518,-196.112854,-0.347310,0.192356,0.030520,-0.917302,
267,488311532,-6.264773,0.726386,36.813648,212.149597,194.779083,-181.098068,-0.377840,0.206264,-0.002620,-0.902599,
268,488328199,0.701653,1.983885,37.107658,259.951996,215.415146,-189.722931,-0.409854,0.219639,-0.042925,-0.884272,
269,488344866,8.322932,0.024569,36.009609,332.459503,251.542480,-211.848541,-0.445187,0.232541,-0.093830,-0.859610,
270,488361533,15.291388,-2.966719,34.236874,323.018341,303.886566,-232.481201,-0.479847,0.251620,-0.145753,-0.827762,
271,488378200,20.530598,-6.832345,31.502337,263.105316,365.240417,-249.746750,-0.510479,0.281141,-0.193265,-0.789316,
272,488394867,24.273457,-9.748032,28.132778,204.579315,422.893066,-262.578705,-0.535616,0.320226,-0.236606,-0.744707,
273,488411534,28.066269,-10.809835,24.878042,151.420090,467.363190,-266.983124,-0.553894,0.366294,-0.275868,-0.694929,
274,488428201,31.699875,-11.661030,20.727472,105.488876,495.765778,-263.555237,-0.564620,0.416264,-0.311037,-0.641237,
275,488444868,33.263977,-10.769594,16.721701,74.493713,508.348206,-256.328278,-0.568473,0.466724,-0.342598,-0.584494,
276,488461535,33.456757,-9.353918,14.573900,53.569252,502.999512,-245.460999,-0.566549,0.514761,-0.370345,-0.526201,
277,488478202,34.094612,-8.877189,13.019544,43.133087,485.111023,-231.534424,-0.560286,0.558301,-0.394524,-0.467687,
278,488494869,32.979111,-8.830927,11.029274,44.271362,467.394226,-214.045959,-0.550817,0.596339,-0.416495,-0.409282,
279,488511536,30.321873,-9.599009,8.391283,78.893433,449.587067,-195.231125,-0.541474,0.626276,-0.438554,-0.349649,
280,488528203,26.697670,-10.521053,5.379303,172.575150,424.637024,-181.740524,-0.538876,0.643567,-0.462473,-0.285576,
281,488544870,22.012825,-10.150972,3.271060,277.866302,384.827789,-175.132019,-0.545753,0.647188,-0.485949,-0.217151,
282,488561537,21.543747,-9.959837,1.757112,327.118256,335.450714,-170.575226,-0.557726,0.641610,-0.505031,-0.149072,
283,488578204,21.772127,-10.318971,-1.089913,311.393829,291.092133,-160.910950,-0.568595,0.632563,-0.518765,-0.086297,
284,488594871,20.420050,-11.450659,-5.175690,290.209320,253.856491,-150.789856,-0.577902,0.621522,-0.528110,-0.028962,
285,488611538,18.824663,-13.179338,-7.949637,315.695435,216.147629,-144.078064,-0.590266,0.605459,-0.533199,0.026537,
286,488628205,19.014059,-15.778855,-9.067088,360.389557,180.599152,-143.057266,-0.607070,0.583391,-0.533250,0.082253,
287,488644872,19.554930,-17.673122,-9.359319,373.868591,152.558197,-145.180939,-0.624731,0.558374,-0.528467,0.136579,
288,488661539,17.436396,-18.569597,-10.735026,361.739563,132.425766,-148.435104,-0.640462,0.533021,-0.519883,0.188202,
289,488678206,12.172804,-17.890207,-11.731016,334.564240,112.245132,-152.277893,-0.653264,0.509262,-0.508137,0.235998,
290,488694873,7.754281,-18.875765,-12.266243,294.851929,84.955864,-158.104202,-0.663015,0.489218,-0.493319,0.278771,
291,488711540,5.446763,-19.642994,-11.798824,254.618805,52.380836,-167.518326,-0.670269,0.473957,-0.475228,0.316642,
292,488728207,6.834310,-20.226269,-11.820764,218.794342,22.128363,-173.757568,-0.675540,0.463165,-0.454564,0.349994,
293,488744874,9.106549,-21.920683,-13.028831,208.253998,-1.953249,-175.626495,-0.680426,0.454049,-0.431235,0.380652,
294,488761541,12.595677,-23.306166,-12.582568,196.647507,-23.871204,-175.926315,-0.684781,0.446674,-0.405724,0.408589,
295,488778208,16.669601,-24.207159,-11.930257,154.129578,-47.411404,-173.607452,-0.686907,0.444260,-0.380018,0.431716,
296,488794875,18.738764,-23.193048,-11.548624,87.017944,-70.913910,-167.622757,-0.685593,0.449307,-0.356177,0.448580,
297,488811542,18.012308,-22.932375,-12.069203,25.980576,-95.509254,-157.562805,-0.681606,0.461226,-0.334240,0.459312,
298,488828209,18.950506,-25.730236,-13.829424,30.579628,-127.194954,-148.910538,-0.679452,0.474076,-0.309180,0.466910,
299,488844876,28.603590,-28.749882,-12.528776,74.267670,-164.796448,-143.473984,-0.681649,0.484504,-0.277518,0.472858,
300,488861543,40.983322,-29.622345,-11.909395,67.794434,-192.182449,-135.834015,-0.684147,0.496622,-0.243783,0.475267,
301,488878210,55.458099,-20.379578,-14.666683,-79.119995,-194.890152,-111.136581,-0.676926,0.522106,-0.221388,0.469217,
302,488894877,82.244186,-13.550530,-20.076773,-170.520935,-188.668564,-50.312344,-0.665738,0.553555,-0.210130,0.454109,
303,488911544,104.132439,-18.923662,-13.411623,60.069096,-262.227753,40.613354,-0.680259,0.563994,-0.183472,0.430693,
304,488928211,107.943413,-25.268661,0.480417,283.577118,-466.951294,140.392929,-0.721875,0.560252,-0.129971,0.384866,
305,488944878,113.952377,-28.907110,15.105243,176.153503,-764.617310,251.597702,-0.758846,0.576507,-0.059028,0.297167,
306,488961545,136.694351,-35.481586,30.397043,79.697426,-1102.400391,358.483490,-0.778814,0.604706,0.036953,0.162525,
307,488978212,156.020340,-36.175423,53.279190,87.715591,-1393.619873,467.029602,-0.771440,0.617050,0.154569,-0.015457,
308,488994879,134.534760,-1.730456,75.365768,44.238838,-1270.897583,509.549988,-0.729874,0.609244,0.248149,-0.185818,
309,489011546,63.761456,-59.185493,39.023384,-803.291626,-192.013382,60.923431,-0.644392,0.687431,0.283498,-0.178397,
310,489028213,56.571781,-28.257780,43.443897,462.801208,-742.338501,156.494553,-0.650075,0.626152,0.323453,-0.284101,
311,489044880,61.955109,3.071965,57.714306,-465.141449,-1049.384766,226.829285,-0.539609,0.628745,0.416496,-0.374211,
312,489061547,88.346489,-28.846687,50.842834,-995.458008,-1231.685425,81.696922,-0.356296,0.628269,0.547855,-0.422121,
313,489078214,116.098022,-32.855560,51.543556,-508.991699,-1218.359009,-88.787544,-0.212072,0.561695,0.639832,-0.479730,
314,489094881,102.975060,-9.109521,48.502106,-211.485855,-1069.633423,-18.953060,-0.094177,0.485153,0.681127,-0.540206,
315,489111548,78.521233,-3.803270,42.635624,-97.743774,-896.169434,184.168533,0.016598,0.430150,0.682228,-0.590982,
316,489128215,61.040333,-10.310254,37.824738,250.324448,-741.748657,399.786194,0.108569,0.403156,0.628747,-0.656014,
317,489144882,54.599945,-7.561045,34.420391,617.953430,-558.888550,603.820557,0.179582,0.410130,0.519200,-0.727994,
318,489161549,48.838436,-4.173439,31.876783,730.726685,-313.796265,755.152100,0.237096,0.447445,0.382841,-0.772665,
319,489178216,41.257019,-1.707261,30.113918,564.028687,-61.811977,799.166687,0.291013,0.499499,0.262101,-0.772732,
320,489194883,34.003223,1.537312,26.681038,272.359863,108.374527,750.131409,0.349239,0.548024,0.180214,-0.738393,
321,489211550,20.759724,1.428328,20.741344,64.446991,179.746490,657.151733,0.408117,0.584809,0.129443,-0.688973,
322,489228217,10.088403,4.911255,16.559675,-17.674026,190.110443,555.774109,0.460180,0.610871,0.094979,-0.637221,
323,489244884,6.723853,9.747731,12.171544,-27.521769,178.235413,467.407654,0.502235,0.630144,0.067853,-0.588281,
324,489261551,8.969704,17.231766,10.025187,-47.485390,165.590775,398.057251,0.538011,0.643302,0.047526,-0.542630,
325,489278218,12.095703,20.947313,8.668102,-80.746544,154.510605,341.661438,0.570642,0.650342,0.034035,-0.500264,
326,489294885,12.464805,23.063271,7.524097,-81.034378,143.255341,287.882996,0.597912,0.654526,0.024591,-0.462053,
327,489311552,12.178149,23.364893,6.849733,-18.417816,131.169403,231.522629,0.614351,0.661901,0.015176,-0.429219,
328,489328219,12.815705,24.641111,6.983681,56.114880,123.995117,170.075394,0.619042,0.674535,0.006336,-0.402182,
329,489344886,16.830549,31.110376,9.325558,97.295853,113.615471,112.165878,0.615790,0.689638,-0.000196,-0.381054,
330,489361553,13.493653,41.328918,12.342289,129.372971,86.369797,87.473213,0.607533,0.705624,-0.008499,-0.364591,
331,489378220,7.616658,43.676365,10.047664,179.630295,46.842091,72.610489,0.592838,0.723442,-0.021457,-0.353148,
332,489394887,5.171524,33.756851,4.585796,221.032608,4.718084,52.537964,0.572069,0.742034,-0.038060,-0.347383,
333,489411554,5.078475,24.585089,1.239220,202.727402,-24.434816,24.632607,0.551142,0.757053,-0.053126,-0.346830,
334,489428221,4.872445,21.732021,1.284263,125.486084,-47.063858,3.582490,0.537131,0.764427,-0.063766,-0.350820,
335,489444888,3.397493,20.903229,1.806155,20.799978,-74.575233,-11.213406,0.533611,0.762165,-0.069558,-0.359898,
336,489461555,0.932705,19.436380,1.213325,-64.802025,-112.741043,-28.003624,0.538174,0.751236,-0.071957,-0.375280,
337,489478222,0.162070,17.208666,-1.387516,-75.861588,-158.816315,-49.659351,0.541980,0.736745,-0.074958,-0.397299,
338,489494889,-0.929799,13.622055,-6.030568,-0.530760,-205.579605,-78.361282,0.535064,0.725164,-0.082858,-0.425417,
339,489511556,-0.249039,12.655422,-7.371808,100.498444,-250.242676,-108.290977,0.514337,0.718026,-0.097211,-0.458744,
340,489528223,0.341978,12.084410,-5.967383,140.231201,-294.240479,-130.038589,0.486242,0.709664,-0.115022,-0.496705,
341,489544890,1.462919,10.814679,-2.718971,96.692085,-334.387665,-144.578629,0.459537,0.693582,-0.130703,-0.539154,
342,489561557,3.143514,8.554144,0.849017,5.511497,-367.059509,-156.679535,0.438974,0.666868,-0.139784,-0.585704,
343,489578224,5.270945,4.812315,4.166149,-87.179810,-388.841309,-172.147659,0.424010,0.630248,-0.140345,-0.635064,
344,489594891,7.561341,-0.488177,6.348642,-147.596313,-400.972900,-197.523254,0.410134,0.586566,-0.133147,-0.685568,
345,489611558,8.519321,-4.153663,5.892623,-180.231918,-397.950134,-232.034882,0.393622,0.539009,-0.118917,-0.735112,
346,489628225,10.849300,-6.996039,4.132295,-210.522568,-373.412689,-271.666351,0.373569,0.490155,-0.096308,-0.781613,
347,489644892,10.249593,-6.218318,3.482658,-266.430267,-329.375519,-307.953674,0.351879,0.441011,-0.061829,-0.823327,
348,489661559,10.442692,-3.864668,3.592444,-338.569275,-276.338348,-334.780823,0.329917,0.392068,-0.013915,-0.858629,
349,489678226,10.557189,-2.479237,3.592957,-398.539795,-213.502899,-347.440826,0.307720,0.345503,0.045305,-0.885372,
350,489694893,8.918694,-3.707398,3.060399,-414.119751,-143.167252,-346.575806,0.283867,0.304957,0.109328,-0.902479,
351,489711560,4.987704,-5.311708,2.150238,-357.321716,-77.032333,-335.138184,0.256255,0.273792,0.167495,-0.911766,
352,489728227,0.603396,-6.324599,1.437204,-228.410278,-26.198425,-314.189819,0.223961,0.253512,0.208957,-0.917556,
353,489744894,-4.789911,-5.760425,3.110339,-82.944313,2.714625,-290.976166,0.187935,0.241877,0.230576,-0.923586,
354,489761561,-10.527257,-6.531697,6.887053,21.629765,7.060385,-274.636475,0.149939,0.233809,0.237291,-0.930884,
355,489778228,-15.659289,-8.107202,9.197080,74.631752,-8.904812,-268.487091,0.111281,0.224576,0.235895,-0.938901,
356,489794895,-17.090017,-8.993131,9.850929,91.986397,-33.218353,-269.072662,0.072619,0.211918,0.231359,-0.946726,
357,489811562,-14.784636,-7.791908,9.113681,82.859596,-54.216053,-270.578949,0.034607,0.195865,0.227506,-0.953247,
358,489828229,-11.773114,-6.302669,8.091022,52.222633,-64.973991,-269.880310,-0.002143,0.177863,0.227437,-0.957409,
359,489844896,-8.830857,-4.621980,7.489984,10.133229,-66.735695,-268.329071,-0.037529,0.159395,0.232814,-0.958636,
360,489861563,-3.987341,-3.778786,6.476353,-23.483114,-60.748611,-266.246857,-0.071988,0.141765,0.242426,-0.957053,
361,489878230,0.264748,-3.062900,6.326058,-33.633823,-50.535599,-264.460083,-0.106236,0.125503,0.252928,-0.953410,
362,489894897,3.121592,-3.286872,7.512119,-18.017864,-44.196033,-261.643738,-0.140452,0.109789,0.260731,-0.948809,
363,489911564,5.716980,-4.231411,9.032373,22.977354,-46.239162,-259.018250,-0.174673,0.092887,0.262492,-0.944436,
364,489928231,5.768442,-4.837092,10.158566,68.584213,-55.196804,-257.271484,-0.208664,0.073515,0.257797,-0.940530,
365,489944898,5.242430,-5.057748,10.833072,96.362434,-65.178909,-255.682999,-0.242024,0.051871,0.249172,-0.936294,
366,489961565,4.357714,-4.245744,11.027620,102.276360,-70.630219,-250.553574,-0.274128,0.029370,0.239482,-0.930935,
367,489978232,3.685363,-4.449851,11.212295,90.522736,-68.616058,-237.654037,-0.304081,0.008010,0.230872,-0.924213,
368,489994899,2.863305,-3.475488,12.673590,56.822292,-62.090122,-216.064651,-0.330918,-0.010271,0.226176,-0.916097,
369,490011566,1.040475,-2.647016,14.517178,2.128996,-56.154263,-184.888275,-0.353558,-0.024095,0.228307,-0.906803,
370,490028233,-1.256422,-3.893588,16.076391,-53.805733,-53.704723,-149.093140,-0.371510,-0.033514,0.237652,-0.896871,
371,490044900,-2.410165,-7.586806,16.605158,-67.111687,-55.680244,-118.886642,-0.385323,-0.041406,0.248859,-0.887627,
372,490061567,-1.156804,-9.907473,16.154190,-22.496103,-57.507706,-95.921745,-0.395693,-0.051180,0.254453,-0.880943,
373,490078234,0.606336,-9.991282,15.665663,44.766247,-54.348007,-73.991608,-0.402770,-0.063590,0.251349,-0.877813,
374,490094901,-0.113577,-9.513433,14.727941,98.881622,-46.782406,-52.259796,-0.406742,-0.077386,0.241028,-0.877769,
375,490111568,-1.777817,-8.849295,14.302923,119.143921,-39.733528,-35.843887,-0.408500,-0.090873,0.227809,-0.879189,
376,490128235,-4.166288,-7.890170,13.402989,99.162720,-38.487896,-25.567177,-0.409123,-0.102639,0.217138,-0.880304,
377,490144902,-6.705503,-7.564816,11.913746,61.844509,-43.159454,-21.941814,-0.409614,-0.112640,0.211535,-0.880217,
378,490161569,-8.874800,-7.749701,10.610600,30.095150,-49.980999,-24.345055,-0.410679,-0.121673,0.210341,-0.878803,
379,490178236,-10.769831,-7.374011,9.917473,11.679832,-54.696838,-29.867071,-0.412595,-0.130356,0.211667,-0.876339,
380,490194903,-12.109858,-5.720458,9.759825,-5.872927,-56.194675,-33.373444,-0.415206,-0.138260,0.215235,-0.873019,
381,490211570,-11.986629,-4.110124,9.813504,-28.498096,-52.266415,-30.808706,-0.418028,-0.144192,0.221468,-0.869145,
382,490228237,-11.670190,-3.329795,9.907575,-54.741875,-40.345020,-22.525558,-0.420693,-0.146728,0.230441,-0.865093,
383,490244904,-11.275075,-3.328604,10.175519,-75.567490,-20.892996,-10.430630,-0.422878,-0.145108,0.241072,-0.861395,
384,490261571,-9.781345,-3.465170,11.095906,-85.943008,2.447607,4.428596,-0.424174,-0.139375,0.251841,-0.858619,
385,490278238,-6.381594,-4.421550,13.042316,-90.483215,25.515383,20.876860,-0.424273,-0.129845,0.262039,-0.857011,
386,490294905,-1.750708,-6.771041,15.432090,-92.751266,42.255035,33.241295,-0.423415,-0.117583,0.271660,-0.856210,
387,490311572,-0.035819,-9.076349,17.453533,-88.255524,49.530560,36.984295,-0.422193,-0.104512,0.280269,-0.855733,
388,490328239,1.259041,-11.335141,20.071259,-78.013489,44.403175,31.609108,-0.421179,-0.092902,0.287775,-0.855081,
389,490344906,2.092468,-11.822733,19.965883,-69.243279,30.164803,18.771290,-0.420974,-0.084118,0.294843,-0.853682,
390,490361573,2.700111,-10.710989,17.915079,-69.372429,19.487480,5.510616,-0.421907,-0.077209,0.302384,-0.851233,
391,490378240,4.099659,-9.118035,15.538317,-80.893715,16.016127,-3.782011,-0.423907,-0.070422,0.311422,-0.847561,
392,490394907,3.830869,-7.754442,12.335076,-92.293808,18.522539,-8.095673,-0.426596,-0.062808,0.321617,-0.842991,
393,490411574,3.561871,-7.038929,9.969016,-89.611008,23.501465,-9.394488,-0.429569,-0.054803,0.331104,-0.838354,
394,490428241,3.460916,-5.782938,8.589226,-78.567657,26.935165,-9.104746,-0.432509,-0.047051,0.338980,-0.834155,
395,490444908,2.728668,-3.807987,7.338233,-71.856300,29.055676,-4.558273,-0.434895,-0.039237,0.345895,-0.830472,
396,490461575,1.739850,-1.490555,6.189705,-82.147461,31.217222,5.979660,-0.436110,-0.029980,0.353927,-0.826828,
397,490478242,1.319078,0.320939,5.104936,-112.479279,34.678082,22.621302,-0.435529,-0.017526,0.365376,-0.822501,
398,490494909,1.862015,1.434634,4.360779,-154.915939,40.033504,43.045033,-0.432702,-0.000657,0.381450,-0.816863,
399,490511576,2.825701,1.926090,3.891420,-189.161285,43.928825,65.761475,-0.427075,0.020080,0.401066,-0.810154,
400,490528243,2.829297,1.552563,3.165366,-195.336853,46.303211,88.065117,-0.418530,0.042752,0.420813,-0.803693,
401,490544910,2.715768,1.201556,2.416293,-173.267715,48.557076,108.429367,-0.407468,0.065540,0.437305,-0.799024,
402,490561577,2.198439,1.351213,1.415081,-136.343399,53.969067,127.679337,-0.394510,0.087927,0.448623,-0.797100,
403,490578244,1.515165,2.264271,0.995371,-104.465317,62.462376,148.665466,-0.379768,0.110761,0.455136,-0.797721,
404,490594911,1.838324,2.963121,0.574183,-84.261673,72.439728,171.559006,-0.363041,0.135053,0.458005,-0.800121,
405,490611578,2.441656,2.906496,0.231031,-72.954308,81.780174,194.155716,-0.344178,0.161202,0.458178,-0.803510,
406,490628245,2.370335,3.138015,0.494741,-72.865906,88.544914,213.117920,-0.323160,0.189207,0.457035,-0.806776,
407,490644912,1.633574,3.843674,2.137431,-86.004433,88.139526,227.887299,-0.299593,0.218505,0.456438,-0.808805,
408,490661579,0.365115,7.204475,3.055921,-109.081100,77.995331,243.513535,-0.272325,0.248309,0.457803,-0.809073,
409,490678246,0.056873,-5.736499,9.598966,-133.074326,57.080639,250.105377,-0.241559,0.276613,0.461797,-0.807389,
410,490694913,-13.548709,-27.988777,17.925398,-108.236664,2.446293,178.685089,-0.216184,0.292457,0.467043,-0.805981,
411,490711580,-28.712397,-26.224670,6.236647,24.456869,-47.720242,67.502541,-0.205952,0.290537,0.462783,-0.811791,
412,490728247,-17.476503,-17.342773,4.854678,173.755951,-65.489716,-19.093014,-0.210950,0.276112,0.444878,-0.825437,
413,490744914,-9.543346,-15.686435,7.643702,230.429031,-84.999359,-83.725052,-0.224489,0.253146,0.422881,-0.840651,
414,490761581,-4.581483,-9.475009,4.424870,213.161072,-97.897484,-126.422531,-0.241491,0.226176,0.404370,-0.852650,
415,490778248,-2.916101,-7.743745,4.021975,144.194778,-92.682236,-147.949554,-0.258897,0.200719,0.394412,-0.858559,
416,490794915,-1.740802,-7.807692,3.877002,51.819038,-76.573303,-161.753784,-0.276025,0.179777,0.395429,-0.857395,
417,490811582,-0.509470,-5.898458,3.150320,-28.880905,-52.400879,-168.109222,-0.293031,0.164596,0.405431,-0.850098,
418,490828249,-1.895777,-4.678612,2.376150,-74.775818,-24.788591,-162.508682,-0.309676,0.154999,0.419524,-0.839092,
419,490844916,-4.046002,-4.533299,2.113453,-79.440605,0.318456,-150.379532,-0.326064,0.149315,0.432516,-0.827235,
420,490861583,-4.614286,-4.028883,1.858495,-62.116234,18.847301,-136.714386,-0.342170,0.145818,0.442015,-0.816260,
421,490878250,-4.460719,-4.632961,4.985732,-42.092693,27.367874,-125.112198,-0.357720,0.143021,0.448279,-0.806615,
422,490894917,-2.923017,-4.460471,6.243622,-20.933167,20.826555,-116.788872,-0.372183,0.138851,0.452074,-0.798642,
423,490911584,-4.502223,-4.036426,8.110387,-0.718966,6.990918,-109.521683,-0.385197,0.132419,0.453997,-0.792449,
424,490928251,-6.172423,-4.775571,9.800121,16.819759,-15.836444,-103.324677,-0.396233,0.122750,0.454943,-0.788009,
425,490944918,-7.212417,-6.262726,10.486409,40.972004,-42.692383,-99.198418,-0.405350,0.108856,0.454471,-0.785683,
426,490961585,-8.172347,-8.704684,12.315201,57.761292,-77.361664,-98.333916,-0.412203,0.090035,0.453949,-0.784801,
427,490978252,-8.553736,-9.723872,11.985521,63.192917,-120.554848,-100.302147,-0.416294,0.065790,0.455185,-0.784333,
428,490994919,-5.741038,-10.464436,9.560832,63.968132,-161.825928,-95.596519,-0.416822,0.037062,0.458450,-0.784034,
429,491011586,-3.146616,-12.030817,4.955744,67.106979,-190.021301,-82.219711,-0.413581,0.005792,0.462567,-0.784187,
430,491028253,-3.585163,-13.083298,0.712494,81.339897,-200.376389,-61.925014,-0.406908,-0.026153,0.465185,-0.785713,
431,491044920,-7.594023,-13.308969,-2.183836,90.665054,-200.343582,-32.145618,-0.396365,-0.056601,0.466358,-0.788798,
432,491061587,-14.812565,-13.195042,-5.142629,67.625839,-193.418945,9.849397,-0.381272,-0.082017,0.469671,-0.792032,
433,491078254,-22.978813,-16.072008,-9.040108,0.067606,-174.262894,61.466343,-0.362024,-0.097878,0.479941,-0.793105,
434,491094921,-30.137703,-22.173227,-13.352234,-38.771015,-138.900238,115.017899,-0.339333,-0.103791,0.493248,-0.794221,
435,491111588,-36.230747,-25.664148,-10.661104,-19.487072,-98.970810,173.282074,-0.312182,-0.101758,0.502855,-0.799578,
436,491128255,-37.284416,-28.676731,-4.724885,7.074362,-69.668404,242.451767,-0.278355,-0.092324,0.508515,-0.809573,
437,491144922,-34.269341,-31.476463,0.759728,13.836241,-47.844074,313.956451,-0.237109,-0.075115,0.512559,-0.821840,
438,491161589,-25.390284,-37.088036,9.091369,-12.117974,-41.721333,378.174561,-0.188277,-0.051271,0.518842,-0.832302,
439,491178256,-15.062178,-44.877407,15.592279,-23.979153,-67.645897,413.117157,-0.132679,-0.027414,0.525739,-0.839788,
440,491194923,-0.877022,-47.454823,18.485453,38.601395,-109.259995,417.485809,-0.072587,-0.009397,0.523758,-0.848717,
441,491211590,12.892005,-38.205944,17.952160,90.299683,-146.541840,409.597961,-0.010270,0.002905,0.513607,-0.857959,
442,491228257,23.723541,-24.831024,11.485815,77.373985,-165.430054,402.975372,0.052655,0.012338,0.502921,-0.862639,
443,491244924,40.193825,-15.254206,2.720030,13.227334,-155.440552,396.389313,0.113893,0.021959,0.498327,-0.859196,
444,491261591,59.969349,-6.044040,-4.350177,-62.865429,-127.778481,388.677124,0.171932,0.033073,0.501839,-0.847056,
445,491278258,57.538971,-9.497208,-8.704889,-95.488876,-95.896179,365.389862,0.224286,0.045411,0.508556,-0.830063,
446,491294925,59.292095,-5.553961,-4.557376,-111.001038,-66.347321,293.839844,0.265264,0.055332,0.517219,-0.811824,
447,491311592,53.679913,1.468876,-1.153162,-116.788765,-49.074604,200.959076,0.293526,0.059934,0.527117,-0.795235,
448,491328259,48.704632,9.382592,4.660457,-87.489235,-35.505035,99.402351,0.308472,0.059482,0.534676,-0.784493,
449,491344926,36.426319,2.936589,8.066442,14.737134,-29.049156,-20.888369,0.308208,0.054954,0.531779,-0.786892,
450,491361593,21.310766,-3.950570,12.158351,146.818497,-34.918385,-167.525284,0.290368,0.044282,0.514369,-0.805699,
451,491378260,4.498556,-7.060156,19.068192,168.300018,-63.236256,-312.936310,0.256909,0.020231,0.493183,-0.830878,
452,491394927,-9.761982,-7.322857,23.757830,146.579193,-109.939072,-435.635193,0.211091,-0.019130,0.471373,-0.856086,
453,491411594,-11.818853,-5.667671,24.206348,110.354836,-160.552917,-513.232056,0.157826,-0.071071,0.449662,-0.876267,
454,491428261,-9.672380,-4.032264,17.337940,81.287048,-186.686737,-543.621643,0.101041,-0.128472,0.427681,-0.889031,
455,491444928,-14.157002,-8.210190,11.439500,24.432695,-174.578583,-554.753784,0.040281,-0.184882,0.409941,-0.892270,
456,491461595,-20.932407,-12.562489,13.835707,-131.174255,-132.795242,-568.158691,-0.029171,-0.236178,0.409235,-0.880850,
457,491478262,-16.082808,-5.991601,18.419558,-430.074036,-73.938530,-548.241699,-0.109516,-0.275299,0.443530,-0.845871,
458,491494929,-13.905869,-9.181080,7.510402,-684.892334,3.408406,-459.843597,-0.192737,-0.291709,0.505897,-0.788560,
459,491511596,-32.209614,-19.574438,-11.225751,-565.971375,66.544220,-314.203491,-0.256687,-0.290088,0.553227,-0.737496,
460,491528263,-36.555088,-30.083900,-21.720276,-152.824631,88.866318,-153.453049,-0.286499,-0.287071,0.559494,-0.722825,
461,491544930,-39.741802,-34.901939,-19.809467,99.188454,84.337845,-4.225503,-0.289465,-0.282649,0.545302,-0.734143,
462,491561597,-35.037609,-41.523609,-17.532211,5.137364,83.954102,115.931633,-0.283265,-0.264644,0.545923,-0.742760,
463,491578264,-26.654280,-46.863964,-18.375553,-176.954987,89.514145,224.043564,-0.272442,-0.229635,0.569538,-0.740722,
464,491594931,-20.261814,-55.808113,-14.572907,-298.584839,77.001686,319.391785,-0.253483,-0.182573,0.608223,-0.729711,
465,491611598,-14.458463,-63.577702,-6.654859,-336.493683,20.815086,379.868744,-0.222852,-0.133866,0.651688,-0.712544,
466,491628265,-5.211314,-66.131149,1.246878,-308.262634,-75.244606,412.688538,-0.177865,-0.092168,0.692331,-0.693215,
467,491644932,8.973166,-64.766914,7.252451,-238.871765,-195.229324,426.003448,-0.117454,-0.062493,0.725216,-0.675545,
468,491661599,22.438009,-57.521168,9.462616,-141.537888,-319.335846,427.932739,-0.042162,-0.046093,0.746152,-0.662838,
469,491678266,33.610172,-45.916019,10.236670,-17.762175,-433.099976,422.511505,0.046024,-0.041689,0.750441,-0.658014,
470,491694933,46.705040,-34.107624,5.344469,145.411896,-511.770233,419.914337,0.143027,-0.043651,0.731954,-0.664742,
471,491711600,49.926151,-15.209076,-2.520060,295.513672,-517.588318,443.999512,0.242267,-0.040054,0.691119,-0.679748,
472,491728267,60.304420,-1.054586,-8.988154,359.059845,-450.207703,490.660797,0.336735,-0.022445,0.638397,-0.691777,
473,491744934,56.469128,7.224481,-13.822777,366.439453,-329.171600,522.470764,0.419259,0.010847,0.583584,-0.695366,
474,491761601,39.184410,5.504385,-9.041486,314.168274,-198.749039,490.427704,0.483586,0.051283,0.536499,-0.689698,
475,491778268,24.914511,9.658384,-2.762550,126.160149,-112.439117,380.939758,0.528803,0.078314,0.511978,-0.672393,
476,491794935,16.497646,11.658599,-5.113037,-103.574844,-59.580601,259.549072,0.559414,0.083593,0.513974,-0.644902,
477,491811602,10.476427,7.702987,-5.046094,-93.163124,-26.609715,135.500580,0.575160,0.083435,0.518592,-0.627130,
478,491828269,6.770380,5.352773,-0.925533,-7.272236,-3.832446,17.453751,0.577207,0.083613,0.518564,-0.625246,
479,491844936,5.122314,1.485020,4.999554,-35.860310,5.555433,-82.929443,0.569713,0.074669,0.523097,-0.629461,
480,491861603,-0.303824,-7.231281,10.809783,-109.357666,-1.104162,-164.706375,0.555751,0.052771,0.534429,-0.634620,
481,491878270,-4.933210,-15.900919,15.653105,-161.675598,-21.848320,-228.351303,0.537228,0.019727,0.548728,-0.640230,
482,491894937,-3.091068,-18.551275,16.020336,-183.980042,-48.333862,-257.917297,0.517087,-0.019917,0.562060,-0.645223,
483,491911604,4.833105,-18.414328,13.511721,-102.453232,-72.622360,-220.670212,0.501729,-0.052635,0.565026,-0.652873,
484,491928271,10.587184,-22.747204,12.402054,42.117493,-91.306808,-124.878906,0.497608,-0.068664,0.553088,-0.664655,
485,491944938,7.277261,-24.117060,15.601407,42.873810,-96.342133,-12.477096,0.504547,-0.076068,0.541611,-0.668059,
486,491961605,-1.104358,-24.434023,14.180336,-56.317303,-93.749359,83.647644,0.519347,-0.082915,0.540848,-0.656420,
487,491978272,-4.293078,-21.313519,10.929326,-92.060936,-92.196487,153.643311,0.539939,-0.086763,0.544122,-0.636293,
488,491994939,-6.536143,-14.903141,6.669549,-97.471474,-90.357445,196.358398,0.563712,-0.087404,0.548032,-0.611760,
489,492011606,-7.045638,-5.155602,4.498158,-158.830124,-86.592270,211.284576,0.586934,-0.091429,0.557138,-0.580299,
490,492028273,-3.711686,0.892321,0.580988,-257.767853,-83.002510,194.560638,0.605971,-0.104765,0.573576,-0.541141,
491,492044940,2.554600,4.804590,-0.615550,-304.197632,-78.943756,152.239105,0.619139,-0.125136,0.591982,-0.500566,
492,492061607,10.501241,8.125840,0.380690,-284.736908,-74.171494,96.793877,0.626786,-0.147888,0.607042,-0.465584,
493,492078274,15.079927,11.886658,2.967680,-251.557297,-62.676167,28.714157,0.628432,-0.172590,0.618396,-0.439173,
494,492094941,18.466867,13.361827,6.636272,-238.652527,-42.651054,-59.325527,0.622108,-0.202508,0.627695,-0.421865,
495,492111608,21.505959,12.386234,9.595660,-202.103073,-13.525007,-160.354553,0.607153,-0.236273,0.633551,-0.417318,
496,492128275,25.312048,10.626901,10.568519,-187.888351,28.547709,-258.683929,0.581749,-0.274853,0.637732,-0.423465,
497,492144942,30.679117,6.536981,8.797616,-208.265823,94.350510,-337.403687,0.542922,-0.317602,0.643761,-0.435816,
498,492161609,36.244324,-0.113003,6.881379,-226.739822,180.128067,-386.496155,0.489804,-0.359607,0.652735,-0.452451,
499,492178276,44.061642,-4.346033,7.318249,-235.239044,266.365173,-394.084717,0.424870,-0.395282,0.664453,-0.470893,
500,492194943,53.097511,-9.876787,6.651717,-260.732208,346.883057,-375.170929,0.349218,-0.422615,0.679675,-0.487325,
501,492211610,58.165726,-16.872938,2.978402,-278.432373,434.735168,-362.852356,0.261955,-0.440112,0.696133,-0.503070,
502,492228277,52.810802,-23.024796,-3.380846,-303.640472,556.593933,-387.332306,0.156330,-0.447648,0.710503,-0.519960,
503,492244944,43.364681,-29.734734,-9.389597,-289.930328,704.932617,-432.775421,0.030730,-0.442037,0.714324,-0.541664,
504,492261611,43.543671,-46.550797,-7.477989,-95.196060,782.491699,-485.777863,-0.095099,-0.427282,0.687512,-0.579408,
505,492278278,50.181988,-49.272587,-9.719713,123.999603,756.996216,-545.059509,-0.208029,-0.415664,0.626280,-0.625877,
506,492294945,29.328531,-30.890623,-13.129693,-365.873108,50.428020,-471.784058,-0.277061,-0.441259,0.627015,-0.579120,
507,492311612,22.736855,-33.045803,-22.080864,406.102356,-4.603249,-413.485352,-0.284324,-0.494192,0.564353,-0.597026,
508,492328279,13.148361,-12.937945,-12.650669,530.509155,-1.952240,-368.404144,-0.276699,-0.544392,0.489554,-0.622425,
509,492344946,5.359691,-8.229615,-20.897257,89.649628,87.490990,-311.728210,-0.303647,-0.561728,0.452714,-0.622342,
510,492361613,7.312197,-8.624841,-24.326239,-417.064453,182.270157,-244.115067,-0.370844,-0.541427,0.461242,-0.597149,
511,492378280,6.748143,-8.017206,-21.911142,-611.129272,226.852448,-165.501038,-0.446612,-0.497444,0.486874,-0.562176,
512,492394947,3.585665,-7.799434,-17.283928,-567.979370,206.753860,-97.111374,-0.508364,-0.448715,0.510975,-0.528322,
513,492411614,2.610558,-6.420312,-12.415269,-437.766296,151.546005,-56.539669,-0.551261,-0.408000,0.528620,-0.500210,
514,492428281,2.220409,-5.302198,-6.702209,-310.681244,93.302429,-36.728439,-0.578830,-0.378768,0.541064,-0.478269,
515,492444948,2.598326,-4.794587,-1.565112,-185.711090,39.754158,-26.138531,-0.593694,-0.362368,0.549090,-0.463375,
516,492461615,0.875436,-3.507848,1.014885,-82.073311,-1.940210,-17.753063,-0.598929,-0.356887,0.553922,-0.455068,
517,492478282,0.594347,-1.644714,3.031188,-58.345295,-25.121681,-9.015890,-0.600413,-0.354260,0.559591,-0.448177,
518,492494949,0.692887,-1.040277,4.176201,-98.775124,-29.916662,0.200228,-0.602896,-0.347609,0.568699,-0.438482,
519,492511616,3.022002,-2.124767,3.587488,-137.981125,-22.897327,8.895170,-0.607193,-0.336241,0.579948,-0.426521,
520,492528283,8.343150,-3.995054,1.826278,-135.164764,-3.989887,15.982095,-0.612263,-0.323213,0.589463,-0.416175,
521,492544950,12.397204,-4.778160,2.105599,-91.177361,17.934978,21.919909,-0.616605,-0.312171,0.594470,-0.411039,
522,492561617,19.513546,-7.193727,2.711829,-36.946964,33.881786,24.029387,-0.619659,-0.304815,0.594825,-0.411452,
523,492578284,22.349535,-9.379360,2.208274,13.773396,42.385941,17.247581,-0.621572,-0.302090,0.591046,-0.415999,
524,492594951,17.451344,-8.549309,0.595273,67.526833,46.959339,6.533348,-0.622104,-0.304838,0.583076,-0.424361,
525,492611618,12.506755,-6.629655,0.955776,100.107231,47.724628,-3.007202,-0.621719,-0.311234,0.572489,-0.434576,
526,492628285,9.634944,-4.469839,2.202666,93.751984,43.034504,-9.701766,-0.621503,-0.317832,0.562287,-0.443340,
527,492644952,9.925795,-3.153804,3.346307,52.313927,33.967392,-11.284743,-0.622468,-0.321347,0.555417,-0.448087,
528,492661619,10.457443,-3.424427,3.333428,-2.762606,24.579351,-12.240995,-0.625280,-0.320549,0.552914,-0.447838,
529,492678286,10.394343,-3.526027,2.508937,-54.384254,17.120125,-14.141788,-0.629996,-0.315679,0.554340,-0.442899,
530,492694953,5.748993,-2.968594,1.712737,-96.913658,13.146679,-16.726530,-0.636422,-0.307332,0.558673,-0.434050,
531,492711620,0.763450,-2.959346,1.952802,-128.342514,9.682238,-21.165438,-0.644069,-0.296567,0.564954,-0.421959,
532,492728287,-1.926982,-2.971285,2.603290,-146.863419,4.666662,-27.742544,-0.652238,-0.284792,0.572323,-0.407340,
533,492744954,-2.516693,-3.591311,1.499773,-148.521088,1.107065,-33.199318,-0.660189,-0.273385,0.579626,-0.391721,
534,492761621,-1.905799,-4.583012,0.905539,-125.479607,1.424838,-38.505947,-0.667269,-0.264500,0.585128,-0.377381,
535,492778288,-2.149876,-4.585893,1.576539,-89.957657,1.048102,-42.161572,-0.672960,-0.259318,0.588409,-0.365588,
536,492794955,-3.659338,-4.381957,2.532537,-63.016636,-2.254361,-44.284050,-0.677350,-0.257083,0.590403,-0.355710,
537,492811622,-3.370733,-4.353144,2.676338,-51.241795,-5.824293,-43.649914,-0.680887,-0.256106,0.592098,-0.346732,
538,492828289,-1.595116,-5.798236,3.087094,-52.187725,-8.191586,-42.914829,-0.684151,-0.255064,0.594044,-0.337627,
539,492844956,2.629210,-8.124464,3.145467,-60.674553,-10.568595,-45.917770,-0.687596,-0.253521,0.596466,-0.327366,
540,492861623,9.576827,-10.462523,2.716478,-71.532913,-11.974695,-51.738808,-0.691494,-0.251422,0.599244,-0.315484,
541,492878290,20.737812,-13.855642,0.939053,-74.074089,-10.444291,-57.726540,-0.695766,-0.249470,0.601662,-0.302785,
542,492894957,30.308762,-15.882936,-0.679492,-56.346321,-5.161835,-64.522095,-0.700030,-0.249624,0.602419,-0.291095,
543,492911624,30.530321,-13.662668,-0.936214,-41.311882,1.608579,-62.240887,-0.704140,-0.250786,0.601859,-0.281173,
544,492928291,24.476669,-9.496914,-0.404323,-49.129124,5.562424,-41.928684,-0.707970,-0.249177,0.601901,-0.272773,
545,492944958,19.495134,-7.098548,0.594150,-77.587280,3.254080,-6.058866,-0.711123,-0.241561,0.604549,-0.265467,
546,492961625,18.353298,-5.555385,1.224821,-110.048218,-8.187624,39.626934,-0.712492,-0.226960,0.611117,-0.259578,
547,492978292,17.375898,-4.449686,1.227619,-131.874084,-26.411888,90.852707,-0.710717,-0.206138,0.621831,-0.256348,
548,492994959,16.491365,-3.111590,1.608033,-140.505051,-48.558182,141.219894,-0.704799,-0.180546,0.636216,-0.256692,
549,493011626,15.155134,-1.886293,2.129248,-141.600159,-72.272751,185.426804,-0.694298,-0.151445,0.653545,-0.260563,
550,493028293,12.983015,-0.773498,3.095560,-132.486481,-95.484055,218.247055,-0.679154,-0.120814,0.672663,-0.267727,
551,493044960,10.513890,0.674077,4.452263,-112.996376,-118.399147,240.660324,-0.659404,-0.090607,0.692539,-0.278150,
552,493061627,9.277480,1.490768,5.678545,-82.918129,-140.494980,255.123138,-0.635212,-0.062555,0.712202,-0.292168,
553,493078294,8.748962,1.564813,6.499795,-38.398975,-161.299576,263.733765,-0.606824,-0.038485,0.730536,-0.310808,
554,493094961,8.614350,0.225681,5.249315,28.039852,-175.665756,266.605499,-0.575126,-0.020542,0.745589,-0.336012,
555,493111628,8.547713,-2.032926,3.681963,128.652390,-175.865387,263.079803,-0.541948,-0.011357,0.753986,-0.371038,
556,493128295,7.730857,-1.642562,3.244293,250.154861,-161.839172,256.165985,-0.508932,-0.011715,0.752533,-0.417786,
557,493144962,7.628734,0.989069,2.951870,353.901489,-132.394287,250.327606,-0.477388,-0.018555,0.739715,-0.473897,
558,493161629,7.042763,4.829043,4.240655,406.429504,-91.398949,248.180145,-0.448052,-0.026354,0.716971,-0.533392,
559,493178296,7.330583,5.459642,4.937212,401.969971,-47.341148,240.030807,-0.421802,-0.031179,0.688201,-0.589484,
560,493194963,9.118060,2.506153,4.280444,363.496124,-5.700989,216.357056,-0.400149,-0.032318,0.657139,-0.637969,
561,493211630,12.000033,-1.649373,3.862085,312.132294,29.249186,175.090775,-0.384610,-0.031076,0.626464,-0.677238,
562,493228297,13.021301,-5.062382,2.516622,261.957367,57.270409,122.286072,-0.376185,-0.029017,0.597488,-0.707566,
563,493244964,11.997416,-7.481568,1.288417,221.922485,80.350342,64.851799,-0.375268,-0.027349,0.570198,-0.730274,
564,493261631,10.103810,-9.051492,1.137295,187.278336,96.096573,7.051581,-0.381525,-0.026891,0.544872,-0.746210,
565,493278298,7.792181,-8.944099,2.186346,145.757843,102.134743,-46.717609,-0.393946,-0.027720,0.523060,-0.755279,
566,493294965,5.977479,-7.671815,3.586890,90.480164,99.096718,-90.904747,-0.410962,-0.029063,0.506988,-0.757119,
567,493311632,5.315351,-6.772914,4.948768,24.708540,89.913033,-124.836914,-0.431096,-0.029975,0.498294,-0.751639,
568,493328299,5.723916,-6.542871,5.877222,-37.622105,77.099785,-151.811340,-0.453273,-0.030317,0.496813,-0.739461,
569,493344966,6.480419,-6.149582,6.064587,-85.356644,63.939110,-174.203308,-0.476773,-0.030521,0.500853,-0.721736,
570,493361633,5.783073,-5.436646,5.707524,-116.150101,51.516930,-193.475403,-0.501047,-0.031265,0.508394,-0.699650,
571,493378300,6.962021,-4.903590,4.242033,-135.888245,43.379978,-208.523529,-0.525720,-0.032471,0.517833,-0.674101,
572,493394967,7.536397,-5.464821,2.740209,-151.886780,42.053627,-223.696915,-0.551085,-0.033677,0.528109,-0.645192,
573,493411634,7.243399,-6.385625,1.279783,-160.774109,46.666733,-239.598145,-0.577403,-0.034900,0.537876,-0.613251,
574,493428301,6.514636,-6.948384,-0.727882,-154.780136,57.348255,-257.256073,-0.605003,-0.036988,0.545106,-0.579191,
575,493444968,4.137644,-5.343442,-1.384736,-139.513687,71.916138,-272.024963,-0.633684,-0.040284,0.548586,-0.543944,
576,493461635,1.700728,-4.424109,-0.766706,-127.990097,85.861504,-282.341156,-0.662863,-0.044274,0.548641,-0.507588,
577,493478302,0.357117,-5.395248,0.613409,-117.958786,95.318832,-292.390808,-0.691982,-0.049232,0.545753,-0.469991,
578,493494969,1.430351,-2.196587,3.483783,-103.646484,96.674454,-299.974335,-0.720021,-0.056018,0.540437,-0.431694,
579,493511636,2.618630,-1.416579,6.538764,-106.888367,82.740929,-288.921661,-0.744688,-0.062341,0.535661,-0.393218,
580,493528303,2.605196,-5.705613,4.546854,-110.774841,65.674820,-279.626923,-0.765989,-0.068361,0.531920,-0.354470,
581,493544970,3.665989,-7.787619,2.234605,-71.526405,53.665607,-276.308716,-0.784349,-0.078975,0.526519,-0.318336,
582,493561637,3.971660,-7.700791,0.925699,-11.789205,44.252537,-269.824890,-0.799677,-0.096201,0.518618,-0.286876,
583,493578304,8.336162,-8.568359,0.794284,36.475571,35.023643,-257.476440,-0.811898,-0.118338,0.509169,-0.259932,
584,493594971,15.480001,-10.189693,1.187274,68.339844,23.384239,-240.005615,-0.820914,-0.143213,0.499490,-0.236856,
585,493611638,20.391695,-13.110655,-0.325278,99.254913,11.820880,-218.474777,-0.826649,-0.170423,0.489954,-0.218067,
586,493628305,21.859669,-14.479486,-1.295479,143.704010,1.646819,-193.945816,-0.828754,-0.201335,0.480259,-0.204898,
587,493644972,24.099895,-12.388811,-0.963264,167.777420,-8.990893,-154.890411,-0.827267,-0.232494,0.471732,-0.197599,
588,493661639,21.754913,-9.546499,-0.218863,153.865051,-21.272161,-94.509834,-0.822914,-0.257975,0.466718,-0.196051,
589,493678306,17.008652,-9.159788,-0.054105,132.326340,-36.592281,-24.210321,-0.815858,-0.276393,0.466543,-0.200799,
590,493694973,15.512195,-9.635135,-0.050305,145.100876,-54.980648,41.488876,-0.804719,-0.292266,0.470602,-0.213403,
591,493711640,16.262413,-9.119114,-0.018925,194.233917,-73.389160,98.686722,-0.787775,-0.310290,0.477331,-0.235129,
592,493728307,16.853817,-8.113948,-0.133714,262.844788,-86.447029,147.208740,-0.763897,-0.332740,0.484627,-0.266237,
593,493744974,17.219181,-7.371765,-0.192240,336.464722,-90.190170,185.402161,-0.732651,-0.359907,0.490017,-0.305899,
594,493761641,16.680363,-6.738696,0.015968,402.000519,-84.514168,212.593277,-0.694295,-0.390433,0.491366,-0.352244,
595,493778308,15.807027,-5.972641,0.291211,450.977417,-71.651810,229.714203,-0.649703,-0.422033,0.487376,-0.402789,
596,493794975,14.287161,-5.818637,0.606255,480.083740,-53.904133,237.706482,-0.600319,-0.452292,0.477610,-0.454904,
597,493811642,12.154722,-5.431342,0.816377,489.701172,-34.381016,236.823730,-0.547980,-0.479330,0.462431,-0.506082,
598,493828309,10.527455,-5.279489,0.960725,483.022614,-14.825805,229.922394,-0.494539,-0.501880,0.442799,-0.554505,
599,493844976,9.376287,-5.027742,0.877250,464.565308,3.917777,218.267624,-0.441705,-0.519404,0.419828,-0.599050,
600,493861643,8.936489,-4.534883,0.720046,438.203156,21.937757,204.252319,-0.390851,-0.531765,0.394677,-0.639290,
601,493878310,9.503643,-3.860523,-0.005804,407.846466,39.367981,190.046265,-0.342846,-0.539113,0.368382,-0.675358,
602,493894977,10.244161,-3.178022,-0.005083,366.172668,58.138214,177.014725,-0.299036,-0.541098,0.342725,-0.707340,
603,493911644,8.850882,-2.660026,0.482997,311.038239,73.404655,164.448227,-0.260668,-0.538022,0.319969,-0.734986,
604,493928311,6.697508,-2.459060,1.257012,247.953491,83.282578,152.419189,-0.228372,-0.530790,0.301868,-0.758277,
605,493944978,6.548412,-3.430226,1.512203,187.319916,87.270027,139.349289,-0.201999,-0.520804,0.288800,-0.777531,
606,493961645,7.775308,-4.364350,1.625836,133.079620,87.953384,123.661194,-0.181309,-0.509232,0.280329,-0.793238,
607,493978312,9.242922,-4.786511,1.612262,84.802048,85.964638,108.038353,-0.165779,-0.496887,0.276119,-0.805840,
608,493994979,11.188277,-5.241749,0.897723,45.400967,84.261719,92.979492,-0.154710,-0.484164,0.275352,-0.815985,
609,494011646,13.461990,-5.830598,-0.409879,21.346453,85.921951,78.648552,-0.147041,-0.471117,0.276304,-0.824672,
610,494028313,14.901189,-6.215815,-1.929298,12.892795,93.548790,65.320312,-0.141812,-0.457383,0.277126,-0.833002,
611,494044980,14.593060,-6.256130,-2.811589,14.285146,106.225548,53.004475,-0.138452,-0.442516,0.276632,-0.841716,
612,494061647,14.486259,-5.946783,-3.113402,18.886595,121.016327,42.386578,-0.136648,-0.426226,0.274523,-0.851056,
613,494078314,14.661445,-5.439210,-3.115752,23.937071,136.291885,34.777733,-0.136036,-0.408296,0.270925,-0.861039,
614,494094981,15.374343,-5.351418,-2.994477,23.101450,151.281387,29.709616,-0.136643,-0.388495,0.266729,-0.871353,
615,494111648,15.230947,-4.595945,-2.436422,3.448316,165.200928,26.860798,-0.139198,-0.366453,0.264461,-0.881134,
616,494128315,13.593489,-2.858570,-1.666987,-40.379314,174.141251,31.172689,-0.143802,-0.341998,0.267711,-0.889207,
617,494144982,10.951119,-2.711715,-1.779882,-88.404770,176.894958,41.901001,-0.149416,-0.315521,0.277458,-0.895064,
618,494161649,8.650479,-2.550229,-1.123346,-131.286407,172.378510,54.973911,-0.154980,-0.287892,0.293238,-0.898394,
619,494178316,7.875152,-1.982616,-0.298141,-183.743530,160.085922,70.837578,-0.159965,-0.259682,0.316472,-0.898233,
620,494194983,8.409362,-1.700569,0.083830,-245.492294,141.951462,88.064339,-0.163945,-0.231216,0.348344,-0.893486,
621,494211650,7.903019,-1.791753,0.383473,-305.432983,119.181450,102.441689,-0.166570,-0.203071,0.388276,-0.883323,
622,494228317,6.332519,-1.807729,0.362743,-355.266052,91.796814,111.336052,-0.167525,-0.176188,0.434448,-0.867265,
623,494244984,5.867801,-2.236601,0.133281,-385.706451,62.976761,113.609879,-0.166611,-0.151488,0.483782,-0.845723,
624,494261651,6.053797,-2.390054,0.427481,-397.849945,34.176281,109.438026,-0.163864,-0.129807,0.533492,-0.819564,
625,494278318,5.533684,-2.826344,0.482606,-393.616943,5.476726,99.551048,-0.159421,-0.111963,0.581298,-0.790027,
626,494294985,4.070805,-3.795392,-0.093975,-369.342438,-21.523115,83.013611,-0.153696,-0.098821,0.624775,-0.759123,
627,494311652,2.818235,-5.265710,-1.029563,-318.181091,-43.942898,58.673847,-0.147481,-0.091253,0.661104,-0.729975,
628,494328319,2.043360,-6.214725,-1.526360,-238.544327,-60.904373,28.939175,-0.141476,-0.089891,0.687775,-0.706307,
629,494344986,2.428417,-7.543964,-1.887976,-138.029022,-74.259392,-3.356797,-0.136006,-0.095119,0.703349,-0.691198,
630,494361653,3.601651,-8.005849,-1.791845,-28.200285,-85.165154,-36.576454,-0.131189,-0.106982,0.707383,-0.686260,
631,494378320,5.057412,-8.043483,-1.830948,71.550301,-96.935257,-66.159935,-0.126521,-0.124934,0.701013,-0.690627,
632,494394987,6.029809,-7.241986,-1.669299,143.611252,-109.812218,-90.442398,-0.121592,-0.147902,0.686757,-0.701217,
633,494411654,7.115996,-6.571521,-1.355389,184.135605,-125.014671,-108.975487,-0.116036,-0.174825,0.667498,-0.714436,
634,494428321,8.820956,-6.369545,-0.906037,199.935608,-142.726318,-122.364807,-0.109589,-0.204904,0.645592,-0.727472,
635,494444988,10.466837,-5.681043,0.083714,189.160095,-163.346893,-131.312622,-0.102305,-0.237498,0.623829,-0.737540,
637,494478322,13.916472,-5.657265,1.151336,103.266075,-212.241272,-135.297363,-0.086075,-0.308163,0.591412,-0.740175,
638,494494989,16.519724,-6.473896,1.024120,64.667763,-236.630432,-134.667358,-0.077218,-0.345935,0.580987,-0.732680,
640,494528323,18.744654,-7.312876,-0.393141,58.064335,-278.582397,-127.555412,-0.053940,-0.425330,0.560640,-0.708427,
641,494544990,18.437557,-7.096305,-1.210284,92.629616,-295.084076,-115.863503,-0.036093,-0.465588,0.545704,-0.695796,
642,494561657,18.317188,-6.823647,-1.395945,148.246979,-310.537689,-96.121803,-0.011189,-0.504964,0.525205,-0.684870,
644,494594991,19.150747,-5.687579,-1.385157,294.280396,-338.808105,-30.351589,0.067392,-0.575830,0.464986,-0.669079,
645,494611658,18.926344,-5.246388,-1.626158,374.810455,-345.339264,13.166495,0.123022,-0.603477,0.425115,-0.663294,
646,494628325,18.298344,-4.991876,-1.976577,452.724945,-342.648468,59.117172,0.188959,-0.622900,0.379225,-0.657631,
647,494644992,18.133167,-4.946914,-2.098989,521.963440,-329.142700,104.456573,0.263296,-0.631927,0.328363,-0.650786,
648,494661659,18.644020,-5.231320,-2.168359,581.122803,-304.799316,145.924622,0.343466,-0.628807,0.273761,-0.641629,
649,494678326,17.369295,-5.146811,-1.704175,623.896484,-271.565216,180.478592,0.425993,-0.612826,0.217289,-0.629094,
650,494694993,15.494043,-4.755749,-0.957127,644.862427,-233.247391,207.342514,0.507101,-0.584711,0.161380,-0.612306,
651,494711660,13.883298,-4.609496,-0.270155,646.965881,-192.759552,225.467636,0.583615,-0.546161,0.108084,-0.591118,
652,494728327,12.842505,-4.502358,0.298139,634.988342,-152.448669,235.145828,0.653333,-0.499350,0.058874,-0.565985,
653,494744994,12.523714,-4.274034,0.740060,609.085022,-113.783485,238.018387,0.714759,-0.446963,0.015100,-0.537695,
654,494761661,12.985806,-3.521556,1.620511,567.586304,-78.304565,236.037704,0.767092,-0.392250,-0.022024,-0.507173,
655,494778328,13.365216,-2.583719,2.633022,505.164185,-48.154324,231.469437,0.810054,-0.339395,-0.051306,-0.475387,
656,494794995,12.764890,-1.387301,3.385538,422.293762,-23.894320,225.178955,0.844109,-0.292639,-0.072056,-0.443452,
657,494811662,10.907066,-1.402944,3.659238,327.209167,-6.427602,217.757141,0.870450,-0.255161,-0.084585,-0.412378,
658,494828329,10.171052,-1.725082,2.549660,245.897583,6.865482,206.981354,0.890958,-0.226351,-0.090744,-0.383047,
659,494844996,12.070989,-1.616873,1.051347,183.863785,22.712215,194.729385,0.907328,-0.204117,-0.091644,-0.355939,
660,494861663,12.723592,-1.586374,0.955039,131.994064,39.976639,181.451355,0.920535,-0.187395,-0.087879,-0.331324,
661,494878330,12.781208,-1.309613,1.878916,83.777969,52.494839,166.784637,0.931028,-0.176167,-0.080455,-0.309321,
662,494894997,13.787445,-1.079607,2.198709,37.216785,59.744007,151.555527,0.939098,-0.170621,-0.070317,-0.289896,
663,494911664,13.981121,0.329060,1.169337,-3.181577,66.569672,137.684494,0.945151,-0.170075,-0.057880,-0.272789,
664,494928331,13.226661,1.568446,-0.186876,-33.270744,76.758408,126.222420,0.949636,-0.173083,-0.043141,-0.257628,
665,494944998,12.440313,2.611155,-1.150109,-50.993378,89.661209,114.451080,0.952855,-0.177894,-0.026267,-0.244401,
666,494961665,11.700164,2.706895,-1.091127,-58.197502,101.686676,99.490173,0.954933,-0.183129,-0.007883,-0.233463,
667,494978332,10.738190,1.937823,-0.197907,-45.777588,107.606331,77.068649,0.956163,-0.186326,0.010271,-0.225677,
668,494994999,9.881350,0.589276,1.090266,-13.023623,105.032333,47.150978,0.956983,-0.185031,0.026143,-0.221954,
669,495011666,10.178216,-0.914325,1.824867,28.188156,96.684631,13.997895,0.957652,-0.178350,0.038589,-0.222720,
670,495028333,9.234568,-2.239991,3.034617,59.408802,85.770973,-17.529217,0.957975,-0.167812,0.047639,-0.227714,
671,495045000,9.144964,-3.124125,4.549850,58.126781,73.558128,-42.395195,0.957328,-0.157993,0.054377,-0.235806,
672,495061667,7.950543,-3.182837,6.179013,18.318176,62.335423,-58.927532,0.955120,-0.154201,0.060491,-0.245577,
673,495078334,6.785218,-2.690602,7.421371,-48.125996,52.155918,-66.435097,0.951081,-0.160036,0.067352,-0.255534,
674,495095001,5.732262,-3.678867,8.120244,-109.843307,43.037598,-69.357346,0.945304,-0.174719,0.075127,-0.265009,
675,495111668,4.685450,-4.900460,8.140624,-140.019470,33.550385,-71.671562,0.938323,-0.193848,0.082643,-0.274123,
676,495128335,3.978374,-6.284426,8.467351,-135.754608,22.890421,-74.989990,0.930946,-0.212748,0.088376,-0.283315,
677,495145002,3.937658,-6.266364,8.607400,-112.883514,11.523147,-77.879776,0.923863,-0.228950,0.091484,-0.292729,
678,495161669,3.785419,-6.992413,8.621166,-78.997971,2.358809,-78.862556,0.917670,-0.240916,0.091839,-0.302338,
679,495178336,3.268698,-7.365683,8.962319,-34.893291,-4.916873,-79.693947,0.912878,-0.247266,0.089221,-0.312335,
680,495195003,2.214252,-7.229249,9.667717,15.214208,-11.215425,-75.151558,0.910040,-0.247146,0.083630,-0.322107,
681,495211670,1.394296,-7.215443,10.200262,63.827553,-16.212559,-65.141708,0.909337,-0.240656,0.075440,-0.330908,
682,495228337,1.199322,-6.732950,10.625553,103.159668,-17.518610,-50.212940,0.910535,-0.228800,0.065685,-0.338027,
683,495245004,1.219967,-6.058640,10.819229,128.549545,-13.683132,-31.704557,0.913159,-0.213135,0.055785,-0.342932,
684,495261671,1.204821,-5.332380,10.876470,142.678085,-3.790262,-11.820026,0.916775,-0.194851,0.047088,-0.345455,
685,495278338,1.037103,-4.988004,11.031214,153.862915,9.195391,6.479871,0.921126,-0.174206,0.040062,-0.345797,
686,495295005,0.306824,-4.908086,10.848728,170.709610,22.465712,20.523153,0.926026,-0.150458,0.034305,-0.344472,
687,495311672,-0.922584,-4.161328,10.840451,196.027893,33.911682,30.573730,0.931260,-0.122571,0.029028,-0.341891,
688,495328339,-1.821545,-3.331033,11.077127,224.940720,44.355019,38.028606,0.936433,-0.090101,0.023847,-0.338239,
689,495345006,-1.647582,-2.809258,11.465972,250.777863,58.393501,42.922302,0.940959,-0.053294,0.019362,-0.333737,
690,495361673,-0.846089,-1.975485,11.958931,264.376740,79.452843,44.899918,0.944210,-0.013523,0.017104,-0.328623,
691,495378340,-0.668045,-0.814478,12.140624,260.202393,105.682640,44.451195,0.945819,0.026946,0.018635,-0.323038,
692,495395007,-0.719235,0.031881,11.557256,241.097107,133.695282,40.535545,0.945705,0.066045,0.024917,-0.317269,
693,495411674,-1.221790,0.587026,10.296204,215.093109,158.742172,33.231449,0.943957,0.102593,0.035890,-0.311659,
694,495428341,-1.881045,0.695553,7.936721,190.930908,179.557968,22.251406,0.940598,0.136557,0.050941,-0.306647,
695,495445008,-2.002605,0.630476,5.624722,173.626129,194.606796,8.902722,0.935559,0.168532,0.069032,-0.302591,
696,495461675,-2.552233,1.385139,3.353494,164.563278,199.716400,-4.805987,0.928798,0.199127,0.088472,-0.299760,
697,495478342,-5.534774,2.449314,-0.518362,163.743286,202.988800,-15.143648,0.920285,0.229350,0.108581,-0.297799,
698,495495009,-2.883755,-2.195611,6.225791,170.987213,195.413437,-28.178131,0.909799,0.259700,0.127670,-0.297528,
699,495511676,-2.306883,2.968775,10.744126,173.782761,157.436996,-52.635090,0.897680,0.287985,0.142382,-0.301602,
700,495528343,-15.334454,6.467292,16.359489,141.140366,106.613670,-47.762459,0.887361,0.309615,0.151552,-0.306204,
701,495545010,-20.566496,7.327369,8.946527,89.570938,59.967632,-39.910583,0.880314,0.322547,0.156592,-0.310627,
702,495561677,-11.386084,8.446223,10.623782,-0.672925,28.923004,-16.477612,0.879120,0.323030,0.160651,-0.311434,
703,495578344,-9.553161,7.029173,11.093767,-104.352409,-4.066826,6.366276,0.884480,0.309263,0.164109,-0.308417,
704,495595011,-8.640653,5.518622,10.459369,-177.821091,-34.008015,25.084118,0.894262,0.285003,0.166102,-0.302455,
705,495611678,-2.414103,2.146749,8.860991,-206.501465,-50.046703,33.134079,0.905195,0.256258,0.166809,-0.295177,
706,495628345,0.174733,0.285695,10.014956,-179.455658,-51.908253,31.941410,0.914304,0.230728,0.166011,-0.288536,
707,495645012,1.818755,-0.217611,11.256632,-130.357452,-39.258705,28.053953,0.920748,0.212010,0.164864,-0.283009,
708,495661679,3.075558,-0.028675,12.692855,-89.258842,-14.315497,25.337297,0.924934,0.199677,0.165388,-0.277980,
709,495678346,3.577729,0.144089,13.469464,-62.346352,18.554636,25.220509,0.927410,0.192244,0.169211,-0.272618,
710,495695013,3.377672,0.314094,13.495541,-49.552738,54.163624,26.745762,0.928613,0.187949,0.177249,-0.266337,
711,495711680,2.658350,0.459465,12.740459,-47.684978,87.501755,30.660252,0.928905,0.185250,0.189565,-0.258618,
712,495728347,1.773744,0.514499,11.410877,-52.415939,114.748283,36.380871,0.928529,0.183028,0.205518,-0.249192,
713,495745014,0.832534,0.379873,9.971498,-55.039242,134.073654,43.074314,0.927514,0.181262,0.223907,-0.238174,
714,495761681,0.097906,0.557300,8.752381,-51.749435,144.450714,50.538319,0.925873,0.180440,0.243270,-0.225876,
715,495778348,-0.489156,0.636485,7.694314,-42.961632,147.386597,58.506596,0.923661,0.181071,0.262402,-0.212625,
716,495795015,-1.051636,0.654211,6.729708,-30.057320,145.416962,65.501549,0.920901,0.183532,0.280548,-0.198873,
717,495811682,-1.579113,0.585172,6.144457,-13.619166,140.773544,70.951790,0.917570,0.188178,0.297313,-0.185091,
718,495828349,-2.005884,0.651450,6.214764,5.098003,132.793243,74.281555,0.913716,0.195151,0.312283,-0.171808,
719,495845016,-2.165847,0.872210,6.578061,21.142096,122.569382,76.108589,0.909510,0.203989,0.325312,-0.159227,
720,495861683,-2.194908,1.082858,7.133842,31.682827,111.165825,76.894722,0.905181,0.213904,0.336440,-0.147314,
721,495878350,-2.120439,1.271845,7.934539,38.488373,98.975670,76.564232,0.900904,0.224352,0.345711,-0.136099,
722,495895017,-2.202748,1.284387,8.486258,43.258419,86.289566,74.978546,0.896794,0.235014,0.353170,-0.125694,
723,495911684,-2.559458,1.130680,8.696149,49.046558,74.549614,71.690300,0.892787,0.245971,0.359008,-0.116372,
724,495928351,-2.915895,0.989278,8.736491,59.776512,64.256584,66.574310,0.888631,0.257809,0.363422,-0.108602,
725,495945018,-3.288514,1.381316,9.194257,72.906502,53.790958,61.207634,0.884245,0.270825,0.366391,-0.102575,
726,495961685,-3.834625,1.605786,9.675907,82.399521,41.594242,55.842266,0.879858,0.284522,0.367774,-0.098186,
727,495978352,-4.901539,1.781477,9.843750,83.308266,28.056856,49.578621,0.875885,0.297737,0.367589,-0.095170,
728,495995019,-5.648845,1.742812,9.196965,73.874870,16.526178,41.675739,0.872681,0.309111,0.366341,-0.093126,
729,496011686,-5.862659,2.070369,8.638206,52.755192,9.420219,32.399406,0.870588,0.317172,0.364853,-0.091433,
730,496028353,-5.607573,2.723704,8.775312,19.233395,4.869382,24.518579,0.870140,0.320491,0.363582,-0.089161,
731,496045020,-5.108997,3.062321,8.420321,-17.825163,1.187260,19.216391,0.871532,0.318780,0.362568,-0.085767,
732,496061687,-4.727104,2.962203,7.864235,-44.801250,-2.625387,15.932950,0.874305,0.313412,0.361546,-0.081537,
733,496078354,-4.729929,2.975356,7.484005,-59.102085,-7.629753,14.201859,0.877909,0.306047,0.360113,-0.076999,
734,496095021,-4.824342,2.989761,7.160316,-64.280144,-13.775446,13.515390,0.881972,0.297881,0.357952,-0.072544,
735,496111688,-4.572691,2.969395,6.882320,-65.733643,-18.700253,12.990129,0.886249,0.289414,0.355161,-0.068288,
736,496128355,-4.579415,3.059194,6.936197,-68.004906,-22.244152,12.593985,0.890693,0.280561,0.351913,-0.064106,
737,496145022,-4.289957,3.031446,6.646114,-69.989792,-23.394501,12.863881,0.895162,0.271416,0.348483,-0.059826,
738,496161689,-3.846790,3.033747,6.412118,-73.299232,-22.365948,13.510597,0.899589,0.261843,0.345147,-0.055245,
739,496178356,-3.467838,2.790545,5.972921,-76.145203,-18.937136,14.650172,0.903828,0.251943,0.342193,-0.050232,
740,496195023,-3.387523,2.700709,5.811818,-74.932175,-14.678325,15.713489,0.907685,0.242250,0.339707,-0.044976,
741,496211690,-3.362399,2.707221,5.658845,-69.058594,-10.072927,17.130001,0.910994,0.233400,0.337701,-0.039654,
742,496228357,-3.441604,2.685650,5.513286,-59.603481,-4.732332,18.777294,0.913629,0.225890,0.336263,-0.034393,
743,496245024,-3.846652,2.896395,5.664293,-51.074074,1.257258,20.431616,0.915621,0.219606,0.335504,-0.029129,
744,496261691,-4.186077,3.156695,5.584631,-45.261700,6.602587,23.260796,0.917114,0.214245,0.335326,-0.023600,
745,496278358,-4.524416,3.173874,5.393303,-42.612350,11.901929,26.577671,0.918218,0.209405,0.335732,-0.017592,
746,496295025,-4.809957,3.369776,5.494129,-45.339924,16.399120,29.959471,0.919128,0.204367,0.336631,-0.010862,
747,496311692,-5.364743,3.252655,5.575332,-45.872303,19.101267,33.629986,0.919852,0.199428,0.337769,-0.003539,
748,496328359,-6.235941,2.865218,5.802601,-31.922132,19.317497,36.922260,0.920094,0.196506,0.338823,0.003544,
749,496345026,-6.814609,2.962768,6.277058,-11.832236,18.381895,41.565670,0.919750,0.196493,0.339625,0.010225,
750,496361693,-6.794101,3.132017,6.761840,0.043164,17.989496,48.111782,0.919026,0.198385,0.340204,0.017180,
756,496461695,-6.423211,1.001401,10.892034,24.450710,30.755625,21.200834,0.917915,0.143867,0.365104,0.058596,
765,496611698,-8.051771,1.709881,7.483985,-104.094078,8.728435,54.840538,0.915813,0.101566,0.363749,0.136595,
766,496628365,-6.398796,0.979054,6.162756,-102.607605,4.460214,57.592373,0.916008,0.090377,0.361024,0.149746,
767,496645032,-5.467429,1.077295,5.781536,-91.040413,0.816203,62.096455,0.915875,0.081016,0.357923,0.162792,
768,496661699,-5.000370,0.720372,5.688296,-71.060623,-1.248751,67.547882,0.915259,0.074628,0.354888,0.175459,
769,496678366,-4.953185,0.590586,5.672505,-43.937237,-0.607113,70.949928,0.914058,0.071994,0.352546,0.187152,
770,496695033,-4.793596,1.361348,6.007134,-20.993509,-0.241456,73.281372,0.912404,0.072509,0.350819,0.197959,
771,496711700,-4.282861,1.486874,5.853818,-1.774316,0.733505,74.732460,0.910341,0.075612,0.349732,0.207966,
772,496728367,-3.961121,1.517050,5.583926,11.507211,1.841288,73.703552,0.907997,0.080380,0.349177,0.217154,
773,496745034,-3.751600,1.692933,6.000285,11.804343,1.531289,70.551842,0.905662,0.085030,0.348600,0.225887,
774,496761701,-3.906681,1.122625,6.323687,15.686314,-0.110290,64.875427,0.903455,0.089951,0.347980,0.233639,
775,496778368,-3.891753,1.153465,7.232596,16.537586,-2.614041,58.445042,0.901505,0.094735,0.347123,0.240457,
776,496795035,-3.916563,1.385497,7.628102,22.098562,-6.326494,50.206009,0.899890,0.099956,0.346069,0.245854,
777,496811702,-3.654214,1.397872,7.858868,26.012875,-9.911061,40.810150,0.898682,0.105339,0.344805,0.249769,
778,496828369,-3.738194,1.676888,8.440814,26.423536,-13.157979,30.007402,0.897984,0.110346,0.343284,0.252200,
779,496845036,-4.098843,1.475741,9.753570,21.237465,-16.093420,20.169407,0.897850,0.114290,0.341335,0.253564,
780,496861703,-4.611397,1.122860,10.844366,24.462238,-18.876783,11.114935,0.898114,0.118304,0.339280,0.253546,
781,496878370,-4.460610,1.494870,10.884213,38.586613,-21.914492,2.665129,0.898569,0.123851,0.337477,0.251682,
782,496895037,-4.666154,1.915536,10.911547,36.294842,-25.677616,-7.576496,0.899590,0.128727,0.335262,0.248529,
783,496911704,-4.975837,1.385460,10.584872,17.361757,-29.112175,-18.762821,0.901505,0.130699,0.332101,0.244777,
784,496928371,-5.070916,0.618035,10.241320,1.740394,-29.500633,-29.247158,0.904077,0.130125,0.328511,0.240401,
785,496945038,-5.005128,0.519885,10.038767,-4.105196,-27.056601,-37.184723,0.906882,0.128311,0.325166,0.235305,
786,496961705,-5.119092,1.236309,10.045242,-5.562319,-25.408989,-42.113724,0.909760,0.126008,0.322053,0.229654,
787,496978372,-5.320092,1.952210,9.900233,-15.207402,-26.335722,-44.728634,0.912891,0.122331,0.318515,0.224086,
788,496995039,-5.435051,2.467874,9.665956,-29.237673,-29.850212,-46.716816,0.916427,0.116809,0.314055,0.218830,
789,497011706,-5.209050,2.743386,9.224784,-50.742458,-35.464676,-48.861153,0.920547,0.108495,0.308155,0.214156,
790,497028373,-5.011525,2.085141,9.141524,-76.440865,-42.270981,-51.796719,0.925295,0.096809,0.300527,0.210096,
791,497045040,-4.486602,1.269796,9.007851,-92.747009,-46.524715,-54.504765,0.930291,0.082921,0.291778,0.206274,
792,497061707,-3.356190,-0.652971,8.765886,-78.639435,-42.571171,-54.590958,0.934692,0.070805,0.283900,0.201836,
793,497078374,-2.804072,-0.519949,8.737994,-26.716928,-34.299034,-49.922253,0.937920,0.065687,0.278562,0.195947,
794,497095041,-3.363075,-0.070085,8.669481,9.929440,-22.398567,-45.975010,0.940129,0.065388,0.275822,0.189219,
795,497111708,-3.846905,0.234338,7.755988,47.097446,-11.217419,-44.177139,0.941421,0.069937,0.275589,0.181347,
796,497128375,-4.139864,1.260417,7.155334,66.689926,-2.291260,-42.169395,0.942006,0.077013,0.277040,0.173041,
797,497145042,-4.210179,2.021314,5.640660,69.452202,3.588660,-42.111115,0.942203,0.084323,0.279330,0.164676,
798,497161709,-3.622823,2.712992,4.899440,53.857994,7.317346,-42.954323,0.942355,0.089375,0.281737,0.156856,
799,497178376,-3.721872,2.708015,4.113226,36.439480,8.299282,-42.708279,0.942614,0.092034,0.283856,0.149782,
800,497195043,-3.538324,2.551423,4.117193,18.898487,8.573936,-39.526611,0.942979,0.092423,0.285577,0.143859,
801,497211710,-3.295592,1.992792,4.907845,-3.271743,11.082699,-34.555805,0.943401,0.089935,0.287104,0.139563,
802,497228377,-3.022933,1.305690,4.986891,-13.249700,18.523409,-27.023039,0.943465,0.086248,0.289344,0.136807,
803,497245044,-3.214239,1.118523,5.206536,0.558288,24.563457,-17.314558,0.942887,0.084749,0.292561,0.134871,
804,497261711,-5.014712,1.654534,6.011436,21.745327,27.845341,-7.859715,0.941704,0.086498,0.296524,0.133364,
805,497278378,-6.740069,1.847571,6.563532,29.826075,28.905546,-3.563068,0.940263,0.089521,0.300733,0.132100,
806,497295045,-7.521334,1.776551,7.084093,25.683710,26.836271,0.112511,0.938869,0.092183,0.304533,0.131479,
807,497311712,-7.791060,2.090229,7.738367,9.963535,23.220314,4.237765,0.937748,0.092954,0.307488,0.132056,
808,497328379,-8.414124,1.997735,9.044946,-15.801616,19.558897,9.880271,0.937016,0.090537,0.309379,0.134491,
809,497345046,-8.929793,1.351306,9.932871,-38.171734,17.167944,14.127965,0.936573,0.085310,0.310452,0.138466,
810,497361713,-9.750988,0.650943,11.553186,-44.773163,15.266757,17.124361,0.936188,0.079353,0.311090,0.143105,
811,497378380,-9.969822,0.582157,13.238007,-42.881245,12.074959,19.861118,0.935814,0.073838,0.311293,0.147976,
812,497395047,-8.858258,0.077401,13.558676,-34.762787,8.343588,22.562170,0.935418,0.069624,0.311127,0.152794,
813,497411714,-7.165510,-0.445762,13.066235,-24.192883,5.908217,27.182634,0.934888,0.067104,0.310810,0.157730,
814,497428381,-6.523927,-0.557731,12.381505,-15.629190,4.207631,33.678543,0.934173,0.066072,0.310386,0.163144,
815,497445048,-7.071511,-0.178912,11.835636,-13.204348,2.261365,38.736267,0.933370,0.065636,0.309697,0.169116,
816,497461715,-7.282865,0.046155,10.908234,-18.869333,-0.468140,41.398438,0.932638,0.064610,0.308464,0.175674,
817,497478382,-6.781304,0.261570,10.386549,-24.145449,-3.562067,44.186867,0.931973,0.063066,0.306642,0.182808,
818,497495049,-6.002049,0.277877,10.179247,-21.968870,-5.570753,48.044743,0.931218,0.062036,0.304559,0.190340,
819,497511716,-5.815788,0.236695,10.065578,-10.071097,-4.613127,53.436443,0.930101,0.062822,0.302873,0.198075,
820,497528383,-5.870107,0.192143,9.476542,9.529230,-0.777278,59.342911,0.928398,0.066402,0.302202,0.205771,
821,497545050,-6.132435,0.784209,8.698195,29.632240,5.009566,63.517555,0.926038,0.072698,0.302855,0.213186,
822,497561717,-5.742087,0.936848,7.822218,40.521553,11.892253,63.816082,0.923145,0.080252,0.304746,0.220210,
823,497578384,-4.908105,1.083486,6.901156,47.863972,19.625237,62.731533,0.919740,0.088485,0.307895,0.226824,
824,497595051,-4.230381,1.326787,6.099592,53.887337,25.938107,61.289276,0.915891,0.097239,0.312072,0.233021,
825,497611718,-3.666708,1.950096,5.636576,51.587208,29.803011,58.646286,0.911855,0.105423,0.316688,0.238990,
826,497628385,-3.277513,2.363239,5.290442,48.281170,30.955296,56.237068,0.907774,0.113005,0.321344,0.244775,
827,497645052,-2.745559,2.286464,4.774974,49.048134,30.992926,55.084126,0.903600,0.120623,0.326017,0.250339,
828,497661719,-2.733128,2.650099,4.617739,54.233521,30.853676,53.824871,0.899266,0.128855,0.330846,0.255455,
829,497678386,-2.855927,2.900795,4.557248,54.008595,29.459606,51.794735,0.894956,0.136999,0.335486,0.260257,
830,497695053,-2.860110,2.697875,4.647347,52.160259,27.466616,49.694485,0.890746,0.144864,0.339803,0.264801,
831,497711720,-3.007716,2.508171,5.007329,53.919788,26.161922,46.504864,0.886580,0.152835,0.344052,0.268786,
832,497728387,-3.091085,2.504775,5.435644,56.687229,24.269398,42.036198,0.882519,0.161000,0.348230,0.271984,
833,497745054,-3.235888,2.716179,5.982772,59.282478,21.609446,36.006367,0.878674,0.169282,0.352276,0.274186,
834,497761721,-3.359126,3.208908,6.668726,53.317596,17.586010,28.738821,0.875389,0.176575,0.355719,0.275643,
835,497778388,-4.270303,3.833524,7.513523,43.199215,10.950426,20.724993,0.872973,0.182423,0.358096,0.276419,
836,497795055,-4.707759,3.840942,8.175236,29.921116,2.226629,12.898841,0.871648,0.186522,0.359027,0.276657,
837,497811722,-5.029094,3.505371,8.883080,24.533918,-6.843691,5.414416,0.871229,0.189910,0.358787,0.275982,
838,497828389,-5.842019,3.535793,9.535820,28.136225,-15.873681,-2.248060,0.871475,0.193712,0.357751,0.273902,
839,497845056,-6.515859,3.783031,9.810496,23.042908,-24.779171,-10.558242,0.872638,0.196786,0.355605,0.270783,
840,497861723,-7.106929,3.808546,10.366790,8.590821,-33.290974,-17.939436,0.874921,0.197971,0.352007,0.267229,
841,497878390,-6.602556,3.578705,10.288971,-2.845911,-38.169296,-23.559059,0.877968,0.197594,0.347489,0.263402,
842,497895057,-5.891910,4.242858,9.758595,-12.168375,-39.231415,-26.604273,0.881411,0.195903,0.342543,0.259620,
843,497911724,-5.573543,4.759813,9.642038,-30.754379,-41.241760,-26.563860,0.885423,0.191895,0.336609,0.256703,
844,497928391,-5.533540,4.998882,9.344765,-56.264484,-48.625809,-24.844393,0.890350,0.184944,0.328683,0.255031,
845,497945058,-5.062972,4.373999,8.742043,-84.393234,-59.356461,-21.817226,0.896260,0.174863,0.318175,0.254766,
846,497961725,-5.399748,3.233501,9.279360,-104.175262,-67.932701,-21.105932,0.902773,0.162507,0.305701,0.255226,
847,497978392,-5.345449,1.504222,9.900448,-93.839706,-68.968323,-20.173119,0.908753,0.151539,0.293347,0.255247,
848,497995059,-4.886815,0.847712,10.002333,-58.836174,-61.434814,-20.429831,0.913431,0.144869,0.283220,0.253856,
849,498011726,-4.657932,1.416931,9.998685,-17.278517,-51.122021,-19.876392,0.916676,0.143344,0.275946,0.251022,
850,498028393,-4.094676,1.399944,9.171820,10.190499,-39.333668,-18.105551,0.918756,0.145114,0.271189,0.247560,
851,498045060,-3.905326,1.464977,7.991060,21.777342,-28.206871,-14.380668,0.919985,0.148174,0.268245,0.244372,
852,498061727,-3.527245,1.888583,6.528142,17.681974,-18.828613,-10.146576,0.920764,0.150516,0.266312,0.242109,
853,498078394,-3.387477,2.205870,5.263041,0.764994,-12.767209,-6.423311,0.921537,0.150526,0.264511,0.241132,
854,498095061,-2.607402,2.824077,5.909387,-25.718046,-5.416037,-3.687764,0.922500,0.146838,0.262707,0.241696,
855,498111728,-3.312181,2.784647,4.335976,-26.969500,3.631231,-5.253076,0.923181,0.142605,0.262102,0.242288,
856,498128395,-4.994823,2.720225,4.352710,-23.049484,8.332195,-6.620335,0.923633,0.138686,0.262294,0.242633,
857,498145062,-5.529841,2.249027,4.404381,-33.150467,14.306931,-7.578961,0.924073,0.133166,0.262952,0.243337,
858,498161729,-5.457299,2.695124,4.306525,-35.699200,21.007761,-6.583964,0.924238,0.127105,0.264400,0.244379,
859,498178396,-5.099207,3.052346,4.325142,-25.078230,26.841349,-4.374414,0.923872,0.122352,0.266968,0.245394,
860,498195063,-5.004610,3.635934,4.367764,-15.773597,30.800817,1.350941,0.922957,0.118934,0.270300,0.246867,
861,498211730,-4.673200,4.488894,4.387147,-13.357949,31.230276,8.551790,0.921701,0.116113,0.273653,0.249199,
862,498228397,-4.633565,4.719756,4.579475,-23.893152,28.495813,18.117603,0.920354,0.112365,0.276097,0.253166,
863,498245064,-5.206115,5.040769,5.312356,-56.146168,24.325056,25.270962,0.919376,0.104743,0.276669,0.259291,
864,498261731,-6.271436,3.034261,5.959111,-80.248192,19.393822,31.439587,0.918605,0.094328,0.275553,0.267090,